period_years,FEA,FEB,init_label,Satisf_prom_pct_mean,Satisf_prom_pct_std,Satisf_prom_pct_min,Satisf_prom_pct_max,Def_total_Hm3_mean,Def_total_Hm3_std,Def_total_Hm3_min,Def_total_Hm3_max,Def_modelo_Hm3_mean,Def_modelo_Hm3_std,Def_modelo_Hm3_min,Def_modelo_Hm3_max,Def_FE_Hm3_mean,Def_FE_Hm3_std,Def_FE_Hm3_min,Def_FE_Hm3_max,Rebalse_total_Hm3_mean,Rebalse_total_Hm3_std,Rebalse_total_Hm3_min,Rebalse_total_Hm3_max,Qturb_total_Hm3_mean,Qturb_total_Hm3_std,Qturb_total_Hm3_min,Qturb_total_Hm3_max,Qdis_prom_Hm3_mes_mean,Qdis_prom_Hm3_mes_std,Qdis_prom_Hm3_mes_min,Qdis_prom_Hm3_mes_max,VRFI_fin_Hm3_mean,VRFI_fin_Hm3_std,VRFI_fin_Hm3_min,VRFI_fin_Hm3_max,A_fin_Hm3_mean,A_fin_Hm3_std,A_fin_Hm3_min,A_fin_Hm3_max,B_fin_Hm3_mean,B_fin_Hm3_std,B_fin_Hm3_min,B_fin_Hm3_max,TOTAL_fin_Hm3_mean,TOTAL_fin_Hm3_std,TOTAL_fin_Hm3_min,TOTAL_fin_Hm3_max
5,0.5,0.5,0%,74.67172366904025,6.420588686373266,66.75491590939521,85.9128093934005,2884.106704080001,147.7532717804956,2625.42213865,3066.291594856037,582.8648865800006,147.75327178049548,324.18032115,765.0497773560372,2301.2418175,0.0,2301.2418175,2301.2418175,1592.5756287406612,1072.5894381622968,5.378540319999971,2572.40700685,3310.9525596606595,1172.506440090079,1541.570580463963,4549.468503199996,57.7071264,20.21867001730243,26.6219712,79.05625920000003,85.79749313833275,58.48460493150618,1.3,142.65481770000017,0.0,0.0,0.0,0.0,46.17753120102035,23.50813194251328,13.568732406122097,67.55104999999999,131.9750243393531,81.68638061641464,20.15214999999998,210.20586770000017
5,0.5,0.5,100%,77.58289958674261,7.639476308387365,67.08020408719608,87.59875134678238,2817.1135064808445,175.80282344661475,2586.6245374,3058.8059272810992,515.8716889808446,175.80282344661498,285.3827198999999,757.5641097810995,2301.2418175,0.0,2301.2418175,2301.2418175,2065.4657766839946,1028.808254425542,537.192946,3073.6094056,3850.8359052031483,1172.7177020963193,2080.870653718902,5089.468503199996,57.7071264,20.21867001730243,26.6219712,79.05625920000003,85.79749313833287,58.48460493150624,1.3,142.6548177000002,0.0,0.0,0.0,0.0,46.29418565851668,23.314896715234955,14.26865915110008,67.55104999999999,132.09167879684955,81.52266911480963,20.15214999999998,210.20586770000017
5,0.5,0.5,25%,76.49973069279542,7.016841496093927,67.08020408719653,87.59875134678238,2842.0398420225097,161.47449077580583,2586.6245374,3058.8059272810888,540.7980245225095,161.47449077580583,285.3827198999999,757.5641097810887,2301.2418175,0.0,2301.2418175,2301.2418175,1685.4921122256612,1047.94840539845,132.29294600000003,2668.7094056,3445.935905203151,1172.7177020963168,1675.9706537189115,4684.5685031999965,57.7071264,20.21867001730243,26.6219712,79.05625920000003,85.79749313833288,58.48460493150627,1.3,142.6548177000002,0.0,0.0,0.0,0.0,46.29418565852106,23.314896715227743,14.268659151126329,67.55104999999999,132.09167879685393,81.52266911480353,20.15214999999998,210.20586770000017
5,0.5,0.5,50%,77.3019092611796,7.417758480557864,67.08020408719983,87.59875134678238,2823.57977335583,170.70056007574993,2586.6245374,3058.805927281013,522.3379558558303,170.7005600757499,285.3827198999999,757.5641097810131,2301.2418175,0.0,2301.2418175,2301.2418175,1801.9320435589946,1034.309417045947,267.192946,2803.6094056,3580.8359052031633,1172.7177020962931,1810.870653718988,4819.468503199997,57.7071264,20.21867001730243,26.6219712,79.05625920000003,85.79749313833288,58.48460493150627,1.3,142.6548177000002,0.0,0.0,0.0,0.0,46.29418565852175,23.31489671522661,14.268659151130464,67.55104999999999,132.0916787968546,81.52266911480257,20.15214999999998,210.20586770000017
5,0.5,0.5,75%,77.58289958674273,7.6394763083871995,67.08020408719656,87.59875134678238,2817.113506480842,175.80282344661117,2586.6245374,3058.8059272810883,515.8716889808419,175.80282344661117,285.3827199,757.5641097810886,2301.2418175,0.0,2301.2418175,2301.2418175,1930.5657766839947,1028.8082544255421,402.292946,2938.7094056000005,3715.935905203151,1172.7177020963159,1945.970653718912,4954.5685031999965,57.7071264,20.21867001730243,26.6219712,79.05625920000003,85.79749313833285,58.484604931506254,1.3,142.6548177000002,0.0,0.0,0.0,0.0,46.29418565852108,23.31489671522772,14.268659151126414,67.55104999999999,132.0916787968539,81.5226691148035,20.15214999999998,210.20586770000017
5,0.6,0.6,0%,67.27249161356949,7.782142484488331,56.893310086352514,80.17230315185346,2744.7603845772283,214.90310058057483,2388.5333555800107,3031.3804633194904,903.7669305772292,214.90310058057483,547.5399015800119,1190.3870093194917,1840.9934539999988,0.0,1840.993453999999,1840.993453999999,1494.2704772507632,1027.2510596878335,4.7651003199999735,2388.186712679999,3351.993727673554,1170.8461977040922,1575.868272000508,4602.136992099987,57.7071264,20.21867001730243,26.6219712,79.05625920000003,55.80308385989485,45.1349163866435,0.975000000000003,104.97547280000012,0.0,0.0,0.0,0.0,35.13077246666672,26.8963576664865,0.0,60.06126,90.93385632656157,71.3513083203477,1.95,165.03673280000012
5,0.6,0.6,100%,69.97348474420795,8.990779990160533,57.377541636821526,81.04304384995385,2670.1727244851627,248.27950662359552,2364.487936699999,3018.0084565999846,829.1792704851638,248.27950662359555,523.4944826999999,1177.0150025999856,1840.9934539999988,0.0,1840.993453999999,1840.993453999999,1959.6828171586,970.4902069741187,531.3930935999999,2904.1412938000003,3891.9937276734368,1170.8461977042873,2115.868272000014,5142.136992100002,57.7071264,20.21867001730243,26.6219712,79.05625920000003,55.80308385989997,45.134916386643035,0.9750000000000004,104.97547280000012,0.0,0.0,0.0,0.0,35.13077246666671,26.8963576664865,0.0,60.06126,90.93385632656668,71.35130832034876,1.95,165.03673280000012
5,0.6,0.6,25%,68.69188751967305,8.140427894839812,57.377541636821526,81.04304384995385,2705.563906000663,224.79711700738596,2364.487936699999,3018.0084565999846,864.570452000664,224.79711700738596,523.4944826999999,1177.0150025999856,1840.9934539999988,0.0,1840.993453999999,1840.993453999999,1590.1739986741004,999.9680186055002,126.49309359999997,2499.2412938,3487.0937276734367,1170.8461977042873,1710.9682720000144,4737.236992100002,57.7071264,20.21867001730243,26.6219712,79.05625920000003,55.803083859900134,45.13491638664305,0.9750000000000004,104.97547280000012,0.0,0.0,0.0,0.0,35.13077246666671,26.8963576664865,0.0,60.06126,90.93385632656685,71.3513083203488,1.95,165.03673280000012
5,0.6,0.6,50%,69.5808826347167,8.629180915170506,57.377541636821526,81.04304384995385,2681.014393189163,238.29398367315912,2364.487936699999,3018.0084565999846,840.0209391891636,238.29398367315915,523.4944826999999,1177.0150025999856,1840.9934539999988,0.0,1840.993453999999,1840.993453999999,1700.5244858626,979.3315996746318,261.3930936,2634.1412938,3621.9937276734368,1170.8461977042873,1845.868272000014,4872.136992100002,57.7071264,20.21867001730243,26.6219712,79.05625920000003,55.80308385989997,45.134916386643035,0.9750000000000004,104.97547280000012,0.0,0.0,0.0,0.0,35.13077246666671,26.8963576664865,0.0,60.06126,90.93385632656668,71.35130832034875,1.95,165.03673280000012
5,0.6,0.6,75%,69.97348474420795,8.990779990160533,57.377541636821526,81.04304384995385,2670.1727244851627,248.27950662359552,2364.487936699999,3018.0084565999846,829.1792704851637,248.2795066235956,523.4944826999998,1177.0150025999856,1840.9934539999988,0.0,1840.993453999999,1840.993453999999,1824.7828171586,970.4902069741185,396.4930936,2769.2412938,3757.0937276734367,1170.8461977042873,1980.9682720000144,5007.236992100002,57.7071264,20.21867001730243,26.6219712,79.05625920000003,55.803083859899964,45.134916386643035,0.9750000000000004,104.97547280000012,0.0,0.0,0.0,0.0,35.13077246666671,26.8963576664865,0.0,60.06126,90.93385632656668,71.35130832034876,1.95,165.03673280000012
5,0.7,0.7,0%,61.693191404422095,9.44383867008955,48.79482273208601,77.56130995967588,2614.8903081915737,304.25579051467065,2103.6610164100057,3030.442023319936,1234.1452176915734,304.2557905146706,722.9159259100055,1649.696932819936,1380.7450905000003,0.0,1380.7450905000003,1380.7450905000003,1399.0336546249166,975.0567320497802,4.151660319999976,2248.7048601500005,3386.6269814333427,1185.5891090397552,1576.1932720000627,4662.330012649994,57.7071264,20.21867001730243,26.6219712,79.05625920000003,27.35396843333396,29.7139847367935,0.975,81.78980655000002,0.0,0.0,0.0,0.0,28.946634133333358,22.92915440274037,0.0,52.571470000000005,56.300602566667315,50.19248994412822,0.975,134.36127655
5,0.7,0.7,100%,64.88408381439896,10.985764706837907,49.37086013747009,79.52885487384079,2512.0880975058244,353.9326159682734,2040.2718635300064,3011.88360419994,1131.3430070058243,353.9326159682737,659.5267730300059,1631.1385136999402,1380.7450905000003,0.0,1380.7450905000003,1380.7450905000003,1836.2314439391669,903.3499085923066,525.5932412,2640.1182411800014,3926.626981433341,1185.5891090397556,2116.193272000059,5202.330012649993,57.7071264,20.21867001730243,26.6219712,79.05625920000003,27.353968433334003,29.713984736793492,0.975000000000003,81.78980655000002,0.0,0.0,0.0,0.0,28.946634133333358,22.92915440274037,0.0,52.571470000000005,56.30060256666736,50.192489944128226,0.975000000000003,134.36127655
5,0.7,0.7,25%,63.37153311883512,10.15783488020267,49.37086013747021,79.52885487384077,2560.8185262699076,327.2588816221543,2040.2718635300064,3011.8836041999366,1180.073435769907,327.2588816221545,659.5267730300058,1631.1385136999363,1380.7450905000003,0.0,1380.7450905000003,1380.7450905000003,1480.06187270325,942.5442226061302,120.6932412,2248.7048601500005,3521.7269814333426,1185.589109039755,1711.293272000063,4797.430012649994,57.7071264,20.21867001730243,26.6219712,79.05625920000003,27.35396843333388,29.713984736793513,0.975000000000003,81.78980655000002,0.0,0.0,0.0,0.0,28.946634133333358,22.92915440274037,0.0,52.571470000000005,56.30060256666724,50.192489944128205,0.975000000000003,134.36127655
5,0.7,0.7,50%,64.36617307065157,10.590758569579938,49.3708601374702,79.52885487384077,2528.7738275632405,341.2065509910928,2040.2718635300064,3011.8836041999366,1148.0287370632402,341.2065509910929,659.526773030006,1631.1385136999363,1380.7450905000003,0.0,1380.7450905000003,1380.7450905000003,1582.9171739965834,917.0853609964444,255.5932412,2370.118241180001,3656.6269814333423,1185.5891090397554,1846.1932720000625,4932.3300126499935,57.7071264,20.21867001730243,26.6219712,79.05625920000003,27.353968433333932,29.713984736793506,0.975,81.78980655000002,0.0,0.0,0.0,0.0,28.946634133333358,22.92915440274037,0.0,52.571470000000005,56.30060256666729,50.19248994412821,0.975,134.36127655
5,0.7,0.7,75%,64.88408381439896,10.98576470683791,49.37086013747008,79.52885487384079,2512.0880975058244,353.9326159682734,2040.2718635300064,3011.88360419994,1131.3430070058243,353.9326159682737,659.526773030006,1631.1385136999402,1380.7450905000003,0.0,1380.7450905000003,1380.7450905000003,1701.331443939167,903.3499085923065,390.6932412,2505.2182411800018,3791.7269814333413,1185.589109039756,1981.2932720000583,5067.430012649993,57.7071264,20.21867001730243,26.6219712,79.05625920000003,27.353968433334,29.713984736793492,0.975000000000003,81.78980655000002,0.0,0.0,0.0,0.0,28.946634133333358,22.92915440274037,0.0,52.571470000000005,56.30060256666735,50.192489944128226,0.975000000000003,134.36127655
5,0.8,0.8,0%,56.76923723235211,9.882858795976937,42.712130460405206,72.8406030236758,2512.247752333334,363.88556700399675,1920.5021679600052,3029.828583319999,1591.7510253333346,363.88556700399664,1000.005440960006,2109.331856319999,920.4967269999996,0.0,920.4967269999996,920.4967269999996,1323.8380412666736,932.6469642711012,3.538220319999965,2143.83225616,3414.0739239333393,1199.3281368216333,1576.1932719999993,4692.463237200036,57.7071264,20.21867001730243,26.6219712,79.05625920000003,5.820734266667219,9.977200046249477,0.65,26.149405600000005,0.0,0.0,0.0,0.0,23.032925799999997,18.680872729953837,0.0,45.08167999999999,28.853660066667214,26.055239846254015,0.65,71.2310856
5,0.8,0.8,100%,60.067718221591605,11.670071599633488,43.35702225696235,75.26183146113443,2390.7981141466676,429.6905084527306,1831.3528538800056,3006.083751799999,1470.301387146668,429.69050845273097,910.856126880006,2085.5870248,920.4967269999996,0.0,920.4967269999996,920.4967269999996,1742.3884030800143,854.4276092014146,519.7933888,2461.332456080002,3954.073923933347,1199.32813682161,2116.1932720000004,5232.463237199998,57.7071264,20.21867001730243,26.6219712,79.05625920000003,5.820734266667265,9.97720004624943,0.65,26.149405599999948,0.0,0.0,0.0,0.0,23.032925799983275,18.680872729944216,0.0,45.08167999999999,28.853660066650537,26.05523984625009,0.65,71.23108559999994
5,0.8,0.8,25%,58.57807453163637,10.799523489483194,43.35702225696235,75.26183146113446,2445.646599786667,397.6370410091553,1831.352853880005,3006.083751799999,1525.1498727866676,397.63704100915544,910.8561268800056,2085.5870248,920.4967269999996,0.0,920.4967269999996,920.4967269999996,1392.3368887200004,898.1647978186721,114.89338879999998,2143.83225616,3549.173923933333,1199.3281368216253,1711.293272,4827.563237199996,57.7071264,20.21867001730243,26.6219712,79.05625920000003,5.820734266667191,9.977200046249463,0.65,26.149405599999948,0.0,0.0,0.0,0.0,23.032925799999997,18.680872729953837,0.0,45.08167999999999,28.853660066667185,26.055239846253997,0.65,71.23108559999994
5,0.8,0.8,50%,59.566460055068355,11.27978329480932,43.35702225696236,75.26183146113443,2409.254374213334,415.3201441656499,1831.3528538800056,3006.083751799999,1488.7576472133344,415.32014416565,910.8561268800062,2085.5870248,920.4967269999996,0.0,920.4967269999996,920.4967269999996,1490.844663146667,870.0154247830856,249.7933888,2191.332456080002,3684.073923933333,1199.328136821625,1846.193272,4962.463237199997,57.7071264,20.21867001730243,26.6219712,79.05625920000003,5.820734266667255,9.977200046249434,0.65,26.149405599999948,0.0,0.0,0.0,0.0,23.032925799999997,18.680872729953837,0.0,45.08167999999999,28.85366006666725,26.055239846254004,0.65,71.23108559999994
5,0.8,0.8,75%,60.0677182215916,11.670071599633488,43.35702225696235,75.26183146113443,2390.7981141466676,429.6905084527307,1831.3528538800056,3006.083751799999,1470.3013871466683,429.69050845273085,910.8561268800062,2085.5870248,920.4967269999996,0.0,920.4967269999996,920.4967269999996,1607.4884030800001,854.4276092014334,384.8933888,2326.432456080002,3819.1739239333324,1199.328136821625,1981.293272,5097.563237199996,57.7071264,20.21867001730243,26.6219712,79.05625920000003,5.820734266667266,9.97720004624943,0.65,26.149405599999948,0.0,0.0,0.0,0.0,23.03292580000001,18.680872729953844,0.0,45.08167999999999,28.853660066667278,26.055239846254008,0.65,71.23108559999994
5,0.9,0.9,0%,52.03650942021736,9.980716658492401,37.98899358775834,68.17932962260984,2447.0089877383357,413.424765776548,1778.335395500007,3028.890143319999,1986.760624238336,413.4247657765479,1318.0870320000074,2568.641779819999,460.2483634999997,0.0,460.24836349999975,460.24836349999975,1270.6329507783355,895.7336336067045,2.924780319999968,2067.2750588100084,3426.107598040008,1203.727862924821,1576.5182719999998,4702.528017199999,57.7071264,20.21867001730243,26.6219712,79.05625920000003,1.4624999999999921,0.7621925609713052,0.0,1.95,0.0,0.0,0.0,0.0,15.628319293333307,14.424705311727239,0.0,37.59189000000001,17.0908192933333,15.004296477295165,0.0,39.54189000000001
5,0.9,0.9,100%,55.07457848015665,11.66699259380784,38.68743879967223,70.48231951447701,2321.1650195650022,483.27428234400037,1682.9401359000058,2999.958899399999,1860.9166560650021,483.2742823440006,1222.691772400006,2539.7105358999997,460.2483634999997,0.0,460.24836349999975,460.24836349999975,1684.7889826050025,817.2461954676086,513.9935363999999,2322.984518100005,3966.107598039995,1203.7278629248342,2116.518272,5242.528017199998,57.7071264,20.21867001730243,26.6219712,79.05625920000003,1.462499999999996,0.7621925609713062,0.0,1.95,0.0,0.0,0.0,0.0,15.628319293337887,14.424705311726589,0.0,37.59189000000001,17.090819293337884,15.004296477294599,0.0,39.54189000000001
5,0.9,0.9,25%,53.729552852178635,10.856024292031746,38.68743879967224,70.48231951447703,2376.879145537822,449.6820673071466,1682.9401359000058,2999.9588993999987,1916.6307820378222,449.68206730714655,1222.691772400006,2539.710535899999,460.2483634999997,0.0,460.24836349999975,460.24836349999975,1335.6031085783347,861.7983866821241,109.0935364,2067.275058810005,3561.207598040508,1203.727862924299,1711.6182720000002,4837.6280172,57.7071264,20.21867001730243,26.6219712,79.05625920000003,1.4624999999999957,0.7621925609713062,0.0,1.95,0.0,0.0,0.0,0.0,15.628319293265447,14.424705311736899,0.0,37.59189000000001,17.090819293265444,15.004296477303567,0.0,39.54189000000001
5,0.9,0.9,50%,54.626547432901695,11.313296797141847,38.68743879967224,70.48231951447701,2339.7235196316683,468.623370300689,1682.9401359000058,2999.9588993999987,1879.4751561316682,468.6233703006889,1222.691772400006,2539.710535899999,460.2483634999997,0.0,460.24836349999975,460.24836349999975,1433.3474826716683,833.1027693937843,243.9935364,2067.275058810007,3696.107598039995,1203.7278629248342,1846.518272,4972.5280172,57.7071264,20.21867001730243,26.6219712,79.05625920000003,1.462499999999997,0.7621925609713066,0.0,1.95,0.0,0.0,0.0,0.0,15.62831929333786,14.424705311726592,0.0,37.59189000000001,17.09081929333786,15.004296477294602,0.0,39.54189000000001
5,0.9,0.9,75%,55.07457848015665,11.666992593807837,38.68743879967224,70.48231951447701,2321.1650195650022,483.27428234400026,1682.9401359000058,2999.9588993999987,1860.9166560650021,483.2742823440003,1222.691772400006,2539.710535899999,460.2483634999997,0.0,460.24836349999975,460.24836349999975,1549.8889826050026,817.2461954676086,379.0935364,2188.0845181000054,3831.2075980399954,1203.727862924834,1981.618272,5107.628017199999,57.7071264,20.21867001730243,26.6219712,79.05625920000003,1.462499999999997,0.7621925609713066,0.0,1.95,0.0,0.0,0.0,0.0,15.62831929333786,14.424705311726592,0.0,37.59189000000001,17.09081929333786,15.004296477294602,0.0,39.54189000000001
5,1.0,1.0,0%,47.92671750136896,9.936942385930713,34.20342268484783,64.14789182056484,2396.664305206812,457.34614713183936,1650.087411761,3028.2767033200007,2396.664305206812,457.34614713183936,1650.087411761,3028.2767033200007,0.0,0.0,0.0,0.0,1227.3648772735069,865.5713522857686,2.311340319999971,1988.60496352,3433.1842070667226,1205.4474789415601,1576.5182719999996,4712.592797200047,57.7071264,20.21867001730243,26.6219712,79.05625920000003,1.2999999999999339,0.6817257513105606,0.0,1.95,0.0,0.0,0.0,0.0,8.768376933333343,11.612312544994104,0.0,29.2159068,10.068376933333278,12.080892124947834,0.0,31.1659068
5,1.0,1.0,100%,50.77012661157528,11.522626086013462,34.944710629047115,66.53782866169972,2265.7968662334674,530.3269799310099,1540.0909597609311,2994.159047,2265.7968662334674,530.3269799310099,1540.0909597609311,2994.159047,0.0,0.0,0.0,0.0,1636.4974383001706,786.0749105948316,508.193684,2234.996664079999,3973.1842070667303,1205.447478941571,2116.518272,5252.592797200096,57.7071264,20.21867001730243,26.6219712,79.05625920000003,1.2999999999675111,0.6817257512920123,0.0,1.95,0.0,0.0,0.0,0.0,8.768376933333343,11.612312544994104,0.0,29.2159068,10.068376933300854,12.08089212494395,0.0,31.1659068
5,1.0,1.0,25%,49.513397810336905,10.768191841873216,34.94471062904712,66.45636962398605,2323.637603646795,495.6042673076194,1543.840098640931,2994.159047,2323.637603646795,495.6042673076194,1543.840098640931,2994.159047,0.0,0.0,0.0,0.0,1289.4381757135038,832.1406733813753,103.293684,1988.60496352,3568.2842070667434,1205.447478941557,1711.6182719999997,4847.692797200097,57.7071264,20.21867001730243,26.6219712,79.05625920000003,1.29999999996743,0.6817257512919659,0.0,1.95,0.0,0.0,0.0,0.0,8.768376933333341,11.612312544994104,0.0,29.2159068,10.06837693330077,12.080892124943906,0.0,31.1659068
5,1.0,1.0,50%,50.36467725973508,11.201500841848931,34.94471062904742,66.53782866169973,2284.4576063001264,515.5472431204839,1540.090959760931,2994.1590469999865,2284.4576063001264,515.5472431204839,1540.090959760931,2994.1590469999865,0.0,0.0,0.0,0.0,1385.158178366837,801.7794325074692,238.193684,1988.60496352,3703.184207066746,1205.447478941553,1846.5182720000132,4982.592797200097,57.7071264,20.21867001730243,26.6219712,79.05625920000003,1.2999999999675111,0.6817257512920123,0.0,1.95,0.0,0.0,0.0,0.0,8.768376933333343,11.612312544994104,0.0,29.2159068,10.068376933300854,12.08089212494395,0.0,31.1659068
5,1.0,1.0,75%,50.7701266115754,11.522626086013414,34.94471062904712,66.53782866169972,2265.796866233462,530.3269799310078,1540.0909597609311,2994.159047,2265.796866233462,530.3269799310078,1540.0909597609311,2994.159047,0.0,0.0,0.0,0.0,1501.5974383001703,786.0749105948316,373.293684,2100.096664079999,3838.2842070667443,1205.447478941557,1981.618272,5117.692797200097,57.7071264,20.21867001730243,26.6219712,79.05625920000003,1.2999999999674372,0.68172575129197,0.0,1.95,0.0,0.0,0.0,0.0,8.768376933333343,11.612312544994104,0.0,29.2159068,10.06837693330078,12.080892124943912,0.0,31.1659068
10,0.5,0.5,0%,75.15643555715597,6.321783608954705,70.85260520619435,82.41449714955968,5745.904622832572,290.95905604225266,5411.853525823971,5943.987710413743,1143.4209878325744,290.9590560422524,809.3698908239734,1341.504075413745,4602.483634999998,0.0,4602.483634999998,4602.483634999998,3303.1293414992397,2393.58473912109,539.3194424137455,4701.283433823974,6762.191988666662,2577.3510588711974,3800.299002000001,8494.397177999996,57.707126400000014,21.180187620596488,33.45598079999999,72.57346559999999,77.80026266666664,66.2511708655156,1.3,116.05039400000008,0.0,0.0,0.0,0.0,45.86291666666667,23.39201010902727,18.85214999999998,59.36830000000002,123.6631793333333,89.64318097454286,20.15214999999998,175.41869400000007
10,0.5,0.5,100%,77.24217573473408,6.1238527256309725,71.01524929509513,83.2574681262506,5649.90877249092,281.849319528667,5373.055924573972,5936.502042838791,1047.4251374909222,281.849319528667,770.5722895739743,1334.018407838793,4602.483634999998,0.0,4602.483634999998,4602.483634999998,3747.133491157579,2319.865363262816,1071.833774838762,5202.485832573973,7302.191988666657,2577.3510588712224,4340.299001999968,9034.397178000005,57.707126400000014,21.180187620596488,33.45598079999999,72.57346559999999,77.80026266666431,66.25117086551359,1.3,116.05039400000008,0.0,0.0,0.0,0.0,45.862916666666656,23.392010109027268,18.85214999999998,59.36830000000002,123.66317933333096,89.64318097454084,20.15214999999998,175.41869400000007
10,0.5,0.5,25%,76.43999716635089,6.238809075352458,71.01524929509654,83.2574681262506,5686.828909824234,287.1401667119919,5373.055924573972,5936.502042838727,1084.3452748242364,287.14016671199226,770.5722895739742,1334.0184078387297,4602.483634999998,0.0,4602.483634999998,4602.483634999998,3379.153628490918,2349.6779496669574,666.9337748387804,4797.585832573974,6897.291988666679,2577.351058871169,3935.399002000053,8629.497177999998,57.707126400000014,21.180187620596488,33.45598079999999,72.57346559999999,77.80026266666603,66.25117086551506,1.3,116.05039400000008,0.0,0.0,0.0,0.0,45.862916666666656,23.392010109027268,18.85214999999998,59.36830000000002,123.66317933333266,89.64318097454232,20.15214999999998,175.41869400000007
10,0.5,0.5,50%,76.96118540917034,6.128624440619052,71.01524929509497,83.2574681262506,5662.841306240924,282.0689369301013,5373.055924573972,5936.502042838797,1060.3576712409265,282.06893693010153,770.5722895739742,1334.0184078387992,4602.483634999998,0.0,4602.483634999998,4602.483634999998,3490.066024907592,2330.1519449923103,801.8337748388008,4932.485832573974,7032.191988666663,2577.3510588711997,4070.299002000002,8764.397178000003,57.707126400000014,21.180187620596488,33.45598079999999,72.57346559999999,77.80026266666664,66.25117086551559,1.3,116.05039400000008,0.0,0.0,0.0,0.0,45.8629166666667,23.3920101090273,18.85214999999998,59.36830000000009,123.6631793333333,89.64318097454289,20.15214999999998,175.41869400000007
10,0.5,0.5,75%,77.24217573473454,6.123852725630241,71.01524929509657,83.2574681262506,5649.908772490898,281.84931952863263,5373.055924573972,5936.502042838723,1047.4251374908997,281.8493195286329,770.5722895739742,1334.0184078387258,4602.483634999998,0.0,4602.483634999998,4602.483634999998,3612.233491157585,2319.8653632628066,936.9337748387792,5067.585832573974,7167.291988666686,2577.3510588711733,4205.399002000053,8899.497178000005,57.707126400000014,21.180187620596488,33.45598079999999,72.57346559999999,77.80026266666603,66.25117086551506,1.3,116.05039400000008,0.0,0.0,0.0,0.0,45.862916666666656,23.392010109027268,18.85214999999998,59.36830000000002,123.66317933333266,89.64318097454232,20.15214999999998,175.41869400000007
10,0.6,0.6,0%,67.39333065811343,7.065414730705645,62.335531411038446,75.46606337790193,5482.846852454665,390.22146807072556,5036.9914096640005,5762.188111619998,1800.859944454665,390.2214680707255,1355.004501664,2080.2012036199976,3681.9869080000003,0.0,3681.986908,3681.986908,3078.1088020348666,2298.9345745267096,424.1241606606004,4453.82812208,6800.229219580204,2553.3478327471903,3866.9033190406017,8524.349983700005,57.707126400000014,21.180187620596488,33.45598079999999,72.57346559999999,51.59044841980016,47.510799140201996,0.9750000000000004,95.2239283000002,0.0,0.0,0.0,0.0,34.035500000000106,28.070412130832604,1.6225800000002266,50.2419600000001,85.62594841980028,74.20320608119349,2.597580000000227,145.4658883000003
10,0.6,0.6,100%,69.60539149260678,6.6919625586919755,62.577647186282405,75.90143372695186,5360.675166970104,369.59577794894824,5012.945990784002,5748.81610489997,1678.6882589701038,369.59577794894784,1330.9590827840018,2066.8291968999697,3681.9869080000003,0.0,3681.986908,3681.986908,3495.9371165505327,2206.6375155332303,950.7521539406004,4872.328704483999,7340.22921958043,2553.3478327473263,4406.903319040632,9064.349983699996,57.707126400000014,21.180187620596488,33.45598079999999,72.57346559999999,51.5904484195465,47.51079914060723,0.9749999992391384,95.22392830000008,0.0,0.0,0.0,0.0,34.0355000000001,28.070412130832622,1.6225800000001982,50.2419600000001,85.6259484195466,74.20320608161913,2.597579999239336,145.4658883000002
10,0.6,0.6,25%,68.43454038120267,6.8062395865527465,62.57764718628842,75.90143372695188,5425.341043921212,375.9072757559754,5012.945990784001,5748.816104899637,1743.3541359212122,375.9072757559753,1330.9590827840009,2066.8291968996373,3681.9869080000003,0.0,3681.986908,3681.986908,3155.702993501534,2260.2073571971473,545.8521539406001,4467.428704484001,6935.329219580322,2553.347832746982,4002.003319040961,8659.449983700002,57.707126400000014,21.180187620596488,33.45598079999999,72.57346559999999,51.59044841980013,47.51079914020193,0.9750000000000016,95.22392830000004,0.0,0.0,0.0,0.0,34.0355000000001,28.070412130832622,1.6225800000001982,50.2419600000001,85.62594841980024,74.20320608119344,2.5975800000002,145.46588830000013
10,0.6,0.6,50%,69.21278938311156,6.662054398241758,62.577647186282405,75.90143372695188,5382.358504378323,367.94395612064716,5012.945990784001,5748.81610489997,1700.3715963783234,367.94395612064716,1330.9590827840009,2066.82919689997,3681.9869080000003,0.0,3681.986908,3681.986908,3247.620453958533,2224.115475786307,680.7521539406002,4602.328704483999,7070.229219580212,2553.34783274717,4136.903319040633,8794.349983699998,57.707126400000014,21.180187620596488,33.45598079999999,72.57346559999999,51.59044841980013,47.510799140201975,0.975000000000001,95.22392830000015,0.0,0.0,0.0,0.0,34.035500000000084,28.070412130832633,1.6225800000001698,50.24196000000008,85.62594841980022,74.2032060811935,2.5975800000001708,145.46588830000024
10,0.6,0.6,75%,69.60539149260669,6.691962558692128,62.577647186282114,75.90143372695186,5360.675166970109,369.5957779489568,5012.945990784002,5748.816104899986,1678.688258970109,369.5957779489562,1330.9590827840018,2066.8291968999856,3681.9869080000003,0.0,3681.986908,3681.986908,3361.0371165505335,2206.6375155332307,815.8521539406004,4737.428704483999,7205.329219580428,2553.347832747338,4272.003319040615,8929.4499837,57.707126400000014,21.180187620596488,33.45598079999999,72.57346559999999,51.590448419546455,47.510799140607226,0.9749999992391384,95.22392830000008,0.0,0.0,0.0,0.0,34.0355000000001,28.070412130832622,1.6225800000001982,50.2419600000001,85.62594841954656,74.20320608161911,2.597579999239336,145.4658883000002
10,0.7,0.7,0%,61.87814897158,8.098386086466862,55.506172673264814,70.99138738926534,5217.862917918951,521.817652060257,4630.653488409449,5628.439750817402,2456.3727369189482,521.8176520602572,1869.1633074094464,2866.949569817399,2761.4901810000024,0.0,2761.4901810000024,2761.4901810000024,2851.9935494201286,2181.298457254358,335.4061122711648,4200.58518053,6839.097901501828,2551.717466851631,3911.933631455713,8594.303137049774,57.707126400000014,21.180187620596488,33.45598079999999,72.57346559999999,19.346853166666417,16.95683251439147,0.9750000000000012,34.397114949999754,0.0,0.0,0.0,0.0,27.410413333333366,23.73811427489839,0.0,41.11562000000009,46.75726649999979,40.07994974729525,0.9750000000000012,75.51273494999984
10,0.7,0.7,100%,64.21507020268517,8.110697683835213,55.79419137592522,71.97515984634691,5067.283933804712,522.610947015976,4567.264335529506,5609.881331699442,2305.79375280471,522.6109470159763,1805.7741545295032,2848.39115069944,2761.4901810000024,0.0,2761.4901810000024,2761.4901810000024,3241.414565304836,2066.0532574817494,856.847693149498,4496.600202579509,7379.097901500124,2551.7174668550265,4451.933631450056,9134.303137050005,57.707126400000014,21.180187620596488,33.45598079999999,72.57346559999999,19.346853166666577,16.956832514391525,0.975000000000001,34.39711494999978,0.0,0.0,0.0,0.0,27.410413333333363,23.738114274898386,0.0,41.11562000000008,46.757266499999936,40.07994974729535,0.975000000000001,75.51273494999987
10,0.7,0.7,25%,63.00097737100831,8.233996775504266,55.79419137592434,71.97515984634691,5145.513727253003,530.5556957386174,4567.264335529506,5609.8813316995,2384.0235462530004,530.5556957386173,1805.7741545295032,2848.3911506994973,2761.4901810000024,0.0,2761.4901810000024,2761.4901810000024,2914.744358753002,2133.539206737626,451.9476931494996,4200.585180529999,6974.197901500001,2551.717466854985,4047.0336314500023,8729.403137050003,57.707126400000014,21.180187620596488,33.45598079999999,72.57346559999999,19.346853166666122,16.956832514391387,0.9750000000000034,34.39711494999978,0.0,0.0,0.0,0.0,27.410413333333363,23.738114274898386,0.0,41.11562000000008,46.75726649999948,40.07994974729507,0.9750000000000034,75.51273494999987
10,0.7,0.7,50%,63.69715945893588,8.097000807842972,55.79419137592434,71.97515984634691,5100.655393919669,521.728391949508,4567.264335529506,5609.8813316995,2339.165212919667,521.7283919495076,1805.7741545295037,2848.3911506994973,2761.4901810000024,0.0,2761.4901810000024,2761.4901810000024,3004.7860254196694,2094.0354171561457,586.8476931494996,4226.600202579509,7109.0979015,2551.7174668549847,4181.9336314500015,8864.303137050003,57.707126400000014,21.180187620596488,33.45598079999999,72.57346559999999,19.346853166666104,16.956832514391387,0.9749999999999996,34.39711494999978,0.0,0.0,0.0,0.0,27.410413333333363,23.738114274898386,0.0,41.11562000000008,46.75726649999947,40.07994974729505,0.9749999999999996,75.51273494999987
10,0.7,0.7,75%,64.21507020268548,8.110697683834738,55.79419137592613,71.97515984634691,5067.283933804693,522.6109470159456,4567.264335529506,5609.881331699384,2305.7937528046905,522.6109470159457,1805.7741545295037,2848.3911506993813,2761.4901810000024,0.0,2761.4901810000024,2761.4901810000024,3106.514565304836,2066.053257481747,721.9476931495001,4361.700202579508,7244.197901500142,2551.7174668549897,4317.033631450116,8999.403137050003,57.707126400000014,21.180187620596488,33.45598079999999,72.57346559999999,19.346853166665856,16.956832514391312,0.975000000000001,34.39711494999978,0.0,0.0,0.0,0.0,27.410413333333363,23.738114274898386,0.0,41.11562000000008,46.75726649999922,40.0799497472949,0.975000000000001,75.51273494999987
10,0.8,0.8,0%,56.90962126292723,8.336897067459999,49.69293388373172,66.03552058583249,5014.157661413268,613.9269171146258,4342.128824800005,5545.592630399802,3173.1642074132687,613.926917114626,2501.135370800005,3704.599176399803,1840.9934539999992,0.0,1840.9934539999992,1840.9934539999992,2672.094372746687,2071.676735774309,282.40377640002055,3961.166195039992,6862.90398133346,2548.9464227793896,3941.778416000343,8635.551592000042,57.707126400000014,21.180187620596488,33.45598079999999,72.57346559999999,1.625000000000009,0.8598691760960024,0.65,2.275000000000028,0.0,0.0,0.0,0.0,21.326186666666686,18.46901941918233,0.0,31.989280000000065,22.951186666666697,19.314077801079044,0.65,34.26428000000009
10,0.8,0.8,100%,59.14406568263152,8.661130767369372,50.015379782014335,67.2461348045618,4849.613759413136,637.8034018785452,4252.979510720006,5521.847798879402,3008.6203054131365,637.8034018785455,2411.9860567200067,3680.8543448794026,1840.9934539999992,0.0,1840.9934539999992,1840.9934539999992,3047.550470746681,1948.2797639473733,798.6589448800428,4223.563832720008,7402.903981333625,2548.9464227790613,4481.778416000886,9175.551591999998,57.707126400000014,21.180187620596488,33.45598079999999,72.57346559999999,1.6250000000000038,0.8598691760959963,0.65,2.275000000000012,0.0,0.0,0.0,0.0,21.32618666664462,18.46901941916322,0.0,31.989280000000065,22.951186666644627,19.31407780106021,0.65,34.26428000000008
10,0.8,0.8,25%,58.03217706317193,8.677535625823957,50.01537978201068,67.24613480456182,4931.4929462132595,639.0114513597471,4252.979510720003,5521.847798879772,3090.4994922132596,639.0114513597471,2411.986056720004,3680.854344879773,1840.9934539999992,0.0,1840.9934539999992,1840.9934539999992,2724.5296575467114,2019.7638023008717,393.75894488013927,3961.1661950399935,6998.003981333536,2548.9464227792155,4076.878416000619,8770.651591999997,57.707126400000014,21.180187620596488,33.45598079999999,72.57346559999999,1.6249999999999998,0.8598691760959917,0.65,2.2749999999999995,0.0,0.0,0.0,0.0,21.326186666605754,18.469019419129562,0.0,31.989279999999997,22.951186666605754,19.31407780102704,0.65,34.26427999999999
10,0.8,0.8,50%,58.64280751610892,8.615402792983948,50.01537978201616,67.24613480456182,4886.526279546423,634.4360058182201,4252.979510720003,5521.847798879269,3045.532825546424,634.4360058182199,2411.986056720004,3680.85434487927,1840.9934539999992,0.0,1840.9934539999992,1840.9934539999992,2814.462990880154,1979.5680214404397,528.658944880466,3961.166195039993,7132.903981333874,2548.946422778637,4211.778416001629,8905.551591999994,57.707126400000014,21.180187620596488,33.45598079999999,72.57346559999999,1.6249999999999998,0.8598691760959917,0.65,2.2749999999999995,0.0,0.0,0.0,0.0,21.32618666650045,18.469019419038364,0.0,31.989279999999997,22.95118666650045,19.314077800937177,0.65,34.26427999999999
10,0.8,0.8,75%,59.14406568263033,8.66113076737126,50.015379782010754,67.2461348045618,4849.613759413259,637.8034018787395,4252.979510720005,5521.8477988797695,3008.6203054132598,637.8034018787391,2411.986056720006,3680.85434487977,1840.9934539999992,0.0,1840.9934539999992,1840.9934539999992,2912.6504707467125,1948.2797639473165,663.7589448801405,4088.6638327200058,7268.00398133354,2548.94642277921,4346.878416000629,9040.651592,57.707126400000014,21.180187620596488,33.45598079999999,72.57346559999999,1.6250000000000038,0.8598691760959963,0.65,2.275000000000012,0.0,0.0,0.0,0.0,21.326186666605192,18.469019419129072,0.0,31.989280000000065,22.951186666605196,19.314077801026563,0.65,34.26428000000008
10,0.9,0.9,0%,52.12611697644531,8.418254268595097,44.6117317071375,61.22348895724733,4886.594463876664,697.4077951166017,4132.925361939983,5509.121498,3966.097736876664,697.407795116601,3212.428634939984,4588.624771,920.4967269999996,0.0,920.4967269999996,920.4967269999996,2554.572198223339,1987.4532188969508,264.32937303999995,3826.426197690008,6872.945004346692,2542.207826207417,3960.17514504005,8645.002932000025,57.707126400000014,21.180187620596488,33.45598079999999,72.57346559999999,1.1916666666666476,1.0447288324408917,0.0,1.95,0.0,0.0,0.0,0.0,12.260163653333208,11.521228488061693,0.0,22.86294000000001,13.451830319999857,12.537895854440277,0.0,24.812940000000008
10,0.9,0.9,100%,54.16075717582197,8.748750018147375,44.96095431309677,62.37498390318085,4718.03529590327,724.7876181341261,4037.53010233999,5480.190254079809,3797.53856890327,724.7876181341263,3117.0333753399905,4559.693527079809,920.4967269999996,0.0,920.4967269999996,920.4967269999996,2926.0130302500093,1862.557985394988,775.3981291200001,4017.565764340015,7412.945004346762,2542.2078262072964,4500.175145040261,9185.002932000029,57.707126400000014,21.180187620596488,33.45598079999999,72.57346559999999,1.1916666666666649,1.0447288324409023,0.0,1.95,0.0,0.0,0.0,0.0,12.26016365333156,11.521228488061336,0.0,22.86294000000001,13.451830319998223,12.537895854439869,0.0,24.812940000000008
10,0.9,0.9,25%,53.16994350373636,8.74963971538194,44.96095431309861,62.37498390318085,4800.118962703218,724.8613248394456,4037.53010233999,5480.190254079656,3879.6222357032184,724.8613248394456,3117.0333753399905,4559.693527079657,920.4967269999996,0.0,920.4967269999996,920.4967269999996,2603.1966970500066,1936.5253812289736,370.49812912,3826.4261976900048,7008.045004346829,2542.207826207179,4095.275145040464,8780.102932000027,57.707126400000014,21.180187620596488,33.45598079999999,72.57346559999999,1.1916666666666649,1.0447288324409023,0.0,1.95,0.0,0.0,0.0,0.0,12.260163653331523,11.521228488061329,0.0,22.86294000000001,13.451830319998187,12.537895854439858,0.0,24.812940000000008
10,0.9,0.9,50%,53.712726128567,8.707359887687758,44.96095431309677,62.37498390318085,4755.152296036601,721.3586649684897,4037.53010233999,5480.190254079808,3834.6555690366017,721.3586649684898,3117.0333753399905,4559.6935270798085,920.4967269999996,0.0,920.4967269999996,920.4967269999996,2693.130030383341,1895.0416607138275,505.39812912,3826.426197690007,7142.945004346762,2542.207826207298,4230.17514504026,8915.002932000029,57.707126400000014,21.180187620596488,33.45598079999999,72.57346559999999,1.1916666666666649,1.0447288324409023,0.0,1.95,0.0,0.0,0.0,0.0,12.26016365333156,11.521228488061336,0.0,22.86294000000001,13.451830319998223,12.537895854439869,0.0,24.812940000000008
10,0.9,0.9,75%,54.16075717582197,8.748750018147375,44.96095431309677,62.37498390318085,4718.03529590327,724.7876181341259,4037.530102339991,5480.190254079809,3797.53856890327,724.7876181341259,3117.0333753399914,4559.693527079809,920.4967269999996,0.0,920.4967269999996,920.4967269999996,2791.113030250009,1862.5579853949882,640.49812912,3882.665764340016,7278.045004346762,2542.207826207298,4365.275145040261,9050.10293200003,57.707126400000014,21.180187620596488,33.45598079999999,72.57346559999999,1.1916666666666649,1.0447288324409023,0.0,1.95,0.0,0.0,0.0,0.0,12.26016365333156,11.521228488061336,0.0,22.86294000000001,13.451830319998223,12.537895854439869,0.0,24.812940000000008
10,1.0,1.0,0%,47.970917386213216,8.193027990044724,40.48429816263759,56.72307987032092,4789.260025480334,754.1655449055571,3983.626333401,5478.40087464,4789.260025480334,754.1655449055571,3983.626333401,5478.40087464,0.0,0.0,0.0,0.0,2465.244056813674,1925.4753304838887,247.85130063999995,3714.767534399965,6880.951301333342,2537.420816990035,3974.417696000001,8654.454272000057,57.707126400000014,21.180187620596488,33.45598079999999,72.57346559999999,0.9749999999998465,0.8598691760958179,0.0,1.6249999999995397,0.0,0.0,0.0,0.0,4.57886666666668,7.930829707750235,0.0,13.736600000000038,5.553866666666526,8.518581152593969,0.0,15.361599999999578
10,1.0,1.0,100%,49.875970506953735,8.573573124128009,40.85494213473908,57.91804829089472,4613.900509240056,789.1945999455011,3873.6298814003458,5444.28321831983,4613.900509240056,789.1945999455011,3873.6298814003458,5444.28321831983,0.0,0.0,0.0,0.0,2829.8845405736647,1798.0059409468347,753.73364432,3872.8030939999694,7420.951301333686,2537.4208169900253,4514.4176960004,9194.454272000674,57.707126400000014,21.180187620596488,33.45598079999999,72.57346559999999,0.9749999999998828,0.8598691760958591,0.0,1.6249999999996485,0.0,0.0,0.0,0.0,4.578866666666674,7.930829707750227,0.0,13.736600000000024,5.553866666666558,8.518581152594024,0.0,15.361599999999672
10,1.0,1.0,25%,48.96844028647897,8.539016278359993,40.85494213473723,57.87731877203787,4697.438369000116,786.0136536030119,3877.3790202803457,5444.283218320001,4697.438369000116,786.0136536030119,3877.3790202803457,5444.283218320001,0.0,0.0,0.0,0.0,2508.522400333675,1874.6116379856733,348.83364432000013,3714.767534399999,7016.0513013335585,2537.42081699026,4109.517695999999,8789.554272000678,57.707126400000014,21.180187620596488,33.45598079999999,72.57346559999999,0.9749999999998828,0.8598691760958591,0.0,1.6249999999996485,0.0,0.0,0.0,0.0,4.578866666666674,7.930829707750227,0.0,13.736600000000024,5.553866666666558,8.518581152594024,0.0,15.361599999999672
10,1.0,1.0,50%,49.470521155112785,8.532794325483854,40.854942134737456,57.91804829089471,4651.221989373442,785.4409248772073,3873.6298814003458,5444.283218319979,4651.221989373442,785.4409248772073,3873.6298814003458,5444.283218319979,0.0,0.0,0.0,0.0,2597.206020707008,1831.3311646273398,483.73364432,3714.767534399999,7150.951301333567,2537.4208169902467,4244.417696000022,8924.454272000676,57.707126400000014,21.180187620596488,33.45598079999999,72.57346559999999,0.9749999999998828,0.8598691760958591,0.0,1.6249999999996485,0.0,0.0,0.0,0.0,4.578866666666674,7.930829707750227,0.0,13.736600000000024,5.553866666666558,8.518581152594024,0.0,15.361599999999672
10,1.0,1.0,75%,49.875970506953074,8.573573124128968,40.85494213473723,57.918048290894696,4613.900509240116,789.1945999455905,3873.6298814003458,5444.283218320001,4613.900509240116,789.1945999455905,3873.6298814003458,5444.283218320001,0.0,0.0,0.0,0.0,2694.9845405736696,1798.0059409468392,618.8336443200001,3737.903093999984,7286.051301333556,2537.4208169902563,4379.517696,9059.554272000676,57.707126400000014,21.180187620596488,33.45598079999999,72.57346559999999,0.9749999999998828,0.8598691760958591,0.0,1.6249999999996485,0.0,0.0,0.0,0.0,4.578866666666674,7.930829707750227,0.0,13.736600000000024,5.553866666666558,8.518581152594024,0.0,15.361599999999672
15,0.5,0.5,0%,74.8425570018612,2.7292186382047885,72.91270799544587,76.7724060082765,8640.526247960679,188.4177617801178,8507.294770909966,8773.757725011392,1736.8007954606855,188.4177617801177,1603.569318409973,1870.0322725113983,6903.7254524999935,0.0,6903.7254524999935,6903.7254524999935,4986.945223562548,3216.486027373281,2712.5461420151214,7261.344305109974,10153.869880602479,3404.903789152531,7746.2393220049535,12561.500439200005,57.70712639999999,18.91215804430531,44.33421119999999,71.08004159999999,116.05039399999501,7.129474066026067e-12,116.05039399998996,116.05039400000004,0.0,0.0,0.0,0.0,58.86247740000003,0.7153411810748715,58.3566548,59.36830000000007,174.91287139999503,0.7153411810677597,174.40704880000004,175.41869399999004
15,0.5,0.5,100%,77.24217573473555,4.286906398894515,74.21087514976524,80.27347631970588,8474.86315873627,295.95624818533247,8265.590488709893,8684.135828762648,1571.1377062362776,295.95624818533287,1361.8650362098997,1780.4103762626553,6903.7254524999935,0.0,6903.7254524999935,6903.7254524999935,5361.28213433634,3108.947540970675,3162.9242457627342,7559.640022909946,10693.869880600061,3404.9037891560224,8286.239322000067,13101.500439200054,57.70712639999999,18.91215804430531,44.33421119999999,71.08004159999999,116.05039399999903,1.4269000264518148e-12,116.05039399999802,116.05039400000004,0.0,0.0,0.0,0.0,58.86247739999999,0.7153411810748113,58.3566548,59.368299999999984,174.912871399999,0.7153411810733868,174.40704880000004,175.418693999998
15,0.5,0.5,25%,76.15900684078834,3.5498349173496626,73.6488944986376,78.66911918293907,8549.642165361269,245.07085671080236,8376.350900709864,8722.933430012674,1645.9167128612753,245.0708567108018,1472.6254482098705,1819.20797751268,6903.7254524999935,0.0,6903.7254524999935,6903.7254524999935,5031.161140961336,3159.8329324452407,2796.821847012732,7265.500434909939,10288.969880600058,3404.903789156054,7881.339322000042,12696.600439200074,57.70712639999999,18.91215804430531,44.33421119999999,71.08004159999999,116.05039399999995,1.3556291398472036e-13,116.05039399999986,116.05039400000004,0.0,0.0,0.0,0.0,58.862477400000046,0.7153411810748841,58.3566548,59.36830000000009,174.9128714,0.7153411810747635,174.40704880000004,175.41869399999996
15,0.5,0.5,50%,76.96118540920199,3.889526069544776,74.21087514982501,79.71149566857895,8494.261959359195,268.52220124478646,8304.388089959868,8684.135828758523,1590.5365068592018,268.5222012447862,1400.6626374598748,1780.410376258529,6903.7254524999935,0.0,6903.7254524999935,6903.7254524999935,5110.680934961353,3136.3815879082917,2892.9242457627684,7328.437624159938,10423.869880602128,3404.90378915312,8016.239322004186,12831.50043920007,57.70712639999999,18.91215804430531,44.33421119999999,71.08004159999999,116.05039399999973,4.571833171139989e-13,116.0503939999994,116.05039400000004,0.0,0.0,0.0,0.0,58.862477400000046,0.7153411810748841,58.3566548,59.36830000000009,174.91287139999977,0.7153411810744419,174.40704880000004,175.4186939999995
15,0.5,0.5,75%,77.24217573473507,4.286906398895228,74.21087514976425,80.27347631970588,8474.863158736305,295.9562481853833,8265.590488709893,8684.135828762719,1571.1377062363122,295.95624818538204,1361.8650362098997,1780.4103762627246,6903.7254524999935,0.0,6903.7254524999935,6903.7254524999935,5226.382134336347,3108.947540970664,3028.024245762749,7424.740022909946,10558.969880600034,3404.9037891560592,8151.339322000014,12966.600439200056,57.70712639999999,18.91215804430531,44.33421119999999,71.08004159999999,116.05039399999978,3.4664000502432566e-13,116.05039399999954,116.05039400000004,0.0,0.0,0.0,0.0,58.862477399999996,0.7153411810748137,58.3566548,59.36829999999999,174.9128713999998,0.715341181074452,174.40704880000004,175.41869399999953
15,0.6,0.6,0%,67.35737486981819,3.244225192633736,65.06336123641064,69.65138850322575,8227.249025371815,268.76688043232576,8037.202141659764,8417.295909083867,2704.268663371822,268.76688043232576,2514.2217796597706,2894.3155470838738,5522.980361999994,0.0,5522.980361999994,5522.980361999994,4633.3044039422375,3126.2827901441965,2422.688643124476,6843.920164759999,10213.50628357041,3395.049670576513,7812.843639040603,12614.168928100216,57.70712639999999,18.91215804430531,44.33421119999999,71.08004159999999,65.84705102970555,10.287886163527048,58.57241695940032,73.12168510001078,0.0,0.0,0.0,0.0,49.429417400000006,1.1491087649258949,48.61687480000001,50.241960000000006,115.27646842970555,9.13877739860115,108.81437695940032,121.73855990001078
15,0.6,0.6,100%,69.83253929236031,5.361726919494997,66.04122582871494,73.62385275600569,8022.194757895499,444.19068724166465,7708.104510807005,8336.285004983993,2499.214395895505,444.19068724166414,2185.124148807011,2813.3046429839983,5522.980361999994,0.0,5522.980361999994,5522.980361999994,4968.250136465758,2950.8589833347487,2881.677739024516,7054.822533907,10753.506283570248,3395.049670576399,8352.843639040522,13154.168928099974,57.70712639999999,18.91215804430531,44.33421119999999,71.08004159999999,65.84705102970655,10.287886163528562,58.57241695940025,73.12168510001285,0.0,0.0,0.0,0.0,49.429417400000006,1.1491087649258949,48.61687480000001,50.241960000000006,115.27646842970654,9.138777398602677,108.81437695940024,121.73855990001286
15,0.6,0.6,25%,68.55094206782624,3.862512053401821,65.81973360245104,71.28215053320145,8128.368302441928,319.988673283899,7902.102141659997,8354.63446322386,2605.387940441934,319.9886732838985,2379.121779660003,2831.6541012238654,5522.980361999994,0.0,5522.980361999994,5522.980361999994,4669.52368101223,3075.060997292454,2495.127197264468,6843.920164759992,10348.60628357029,3395.0496705763458,7947.943639040602,12749.268928099978,57.70712639999999,18.91215804430531,44.33421119999999,71.08004159999999,65.84705102970706,10.287886163529244,58.57241695940028,73.12168510001385,0.0,0.0,0.0,0.0,49.429417400000006,1.1491087649258949,48.61687480000001,50.241960000000006,115.27646842970705,9.13877739860334,108.81437695940028,121.73855990001384
15,0.6,0.6,50%,69.43993718286904,4.806503691636164,66.04122582871494,72.83864853702316,8054.719764007498,398.193382481807,7773.154523031004,8336.285004983993,2531.7394020075044,398.193382481807,2250.17416103101,2813.3046429839987,5522.980361999994,0.0,5522.980361999994,5522.980361999994,4730.775142577801,2996.85628809455,2611.6777390245984,6849.872546131002,10483.50628357029,3395.0496705763467,8082.843639040601,12884.16892809998,57.70712639999999,18.91215804430531,44.33421119999999,71.08004159999999,65.84705102970588,10.287886163527991,58.57241695939999,73.12168510001179,0.0,0.0,0.0,0.0,49.429417400000006,1.1491087649258949,48.61687480000001,50.241960000000006,115.27646842970589,9.138777398602093,108.8143769594,121.7385599000118
15,0.6,0.6,75%,69.83253929236031,5.361726919494997,66.04122582871494,73.62385275600569,8022.194757895499,444.19068724166465,7708.104510807005,8336.285004983993,2499.214395895505,444.19068724166414,2185.124148807011,2813.3046429839983,5522.980361999994,0.0,5522.980361999994,5522.980361999994,4833.350136465759,2950.8589833347487,2746.777739024516,6919.922533907001,10618.606283570247,3395.049670576402,8217.943639040519,13019.268928099977,57.70712639999999,18.91215804430531,44.33421119999999,71.08004159999999,65.84705102970655,10.287886163528562,58.57241695940025,73.12168510001285,0.0,0.0,0.0,0.0,49.429417400000006,1.1491087649258949,48.61687480000001,50.241960000000006,115.27646842970654,9.138777398602677,108.81437695940024,121.73855990001286
15,0.7,0.7,0%,61.79874734799254,4.931046127893082,58.31197119261567,65.2855235033694,7834.468715014645,476.5962412482202,7497.464280940008,8171.473149089281,3692.2334435146404,476.5962412482202,3355.229009440004,4029.2378775892766,4142.235271500004,0.0,4142.235271500004,4142.235271500004,4293.135760064633,2929.1750830754745,2221.8961955392965,6364.37532458997,10266.11795004999,3405.771324323697,7857.873951450015,12674.361948649965,57.70712639999999,18.91215804430531,44.33421119999999,71.08004159999999,22.66844455000242,3.6840647309277534e-12,22.668444549999816,22.668444550005027,0.0,0.0,0.0,0.0,39.996357400000015,1.582876348776961,38.87709480000002,41.11562000000001,62.66480195000244,1.5828763487732833,61.54553935000505,63.78406454999983
15,0.7,0.7,100%,64.49419614888802,6.529861071024009,59.87688710536089,69.11150519241515,7573.947776117505,631.1251530824454,7127.67490059551,8020.2206516395,3431.7125046175006,631.1251530824461,2985.439629095505,3877.985380139496,4142.235271500004,0.0,4142.235271500004,4142.235271500004,4572.6148211674845,2774.6461712412606,2610.6436980894987,6534.585944245471,10806.117950049975,3405.771324323709,8397.873951449992,13214.36194864996,57.70712639999999,18.91215804430531,44.33421119999999,71.08004159999999,22.668444550001443,5.089611714069325e-12,22.668444549997844,22.66844455000504,0.0,0.0,0.0,0.0,39.99635740000001,1.582876348776951,38.87709480000002,41.11561999999999,62.66480195000145,1.582876348771864,61.545539350005065,63.78406454999784
15,0.7,0.7,25%,62.98164545333521,5.234957681382384,59.27997137760512,66.6833195290653,7720.139062408689,505.96994822808165,7362.364280940005,8077.913843877372,3577.9037909086846,505.96994822808216,3220.129009440001,3935.678572377368,4142.235271500004,0.0,4142.235271500004,4142.235271500004,4313.906107460578,2899.8013760929252,2263.4368903311884,6364.375324589967,10401.217950052876,3405.771324319613,7992.97395145579,12809.461948649963,57.70712639999999,18.91215804430531,44.33421119999999,71.08004159999999,22.66844455000197,3.381351119021378e-12,22.668444549999577,22.66844455000436,0.0,0.0,0.0,0.0,39.996357400000015,1.582876348776961,38.87709480000002,41.11562000000001,62.66480195000199,1.582876348773577,61.54553935000438,63.784064549999584
15,0.7,0.7,50%,63.97628540515168,5.7974246731022046,59.876887105382906,68.07568370492045,7624.004966288687,560.3335958450614,7227.789280940001,8020.220651637372,3481.7696947886825,560.3335958450618,3085.5540094399967,3877.985380137368,4142.235271500004,0.0,4142.235271500004,4142.235271500004,4352.67201134059,2845.4377284759653,2340.643698091189,6364.700324589991,10536.11795005289,3405.771324319632,8127.87395145579,12944.36194864999,57.70712639999999,18.91215804430531,44.33421119999999,71.08004159999999,22.66844455000235,3.918950776874703e-12,22.668444549999577,22.66844455000512,0.0,0.0,0.0,0.0,39.996357400000015,1.582876348776961,38.87709480000002,41.11562000000001,62.664801950002364,1.5828763487730422,61.54553935000514,63.784064549999584
15,0.7,0.7,75%,64.49419614889361,6.529861071016104,59.87688710537207,69.11150519241515,7573.9477761169655,631.1251530816818,7127.67490059551,8020.22065163842,3431.7125046169604,631.1251530816825,2985.439629095505,3877.985380138416,4142.235271500004,0.0,4142.235271500004,4142.235271500004,4437.714821167374,2774.6461712414184,2475.743698089276,6399.685944245472,10671.217950050406,3405.7713243231083,8262.973951450847,13079.461948649963,57.70712639999999,18.91215804430531,44.33421119999999,71.08004159999999,22.66844455000244,3.681552582847747e-12,22.668444549999837,22.66844455000504,0.0,0.0,0.0,0.0,39.996357400000015,1.582876348776961,38.87709480000002,41.11562000000001,62.664801950002456,1.5828763487732758,61.545539350005065,63.78406454999984
15,0.8,0.8,0%,56.783860224777975,5.893676086802306,52.61640189768307,60.95131855187288,7535.128006999969,651.0131457479599,7074.792197000001,7995.463816999938,4773.637825999973,651.0131457479599,4313.302016000004,5233.9736359999415,2761.490180999996,0.0,2761.490180999996,2761.490180999996,4023.7840566000896,2754.962136455548,2075.731648000193,5971.836465199986,10296.106954600098,3405.975282203539,7887.718736000211,12704.495173199984,57.70712639999999,18.91215804430531,44.33421119999999,71.08004159999999,2.112500000002115,0.22980970388861902,1.95,2.27500000000423,0.0,0.0,0.0,0.0,30.563297399921495,2.0166439325170478,29.137314799999984,31.989279999843006,32.67579739992361,1.7868342286284336,31.41231480000421,33.93927999984301
15,0.8,0.8,100%,59.446410175377025,7.002842101991483,54.49465303748019,64.39816731327386,7241.023785199915,773.5311881497117,6694.054636599967,7787.992933799864,4479.53360419992,773.5311881497106,3932.564455599972,5026.502752799867,2761.490180999996,0.0,2761.490180999996,2761.490180999996,4269.679834800059,2632.4440940537665,2408.260764800163,6131.098904799955,10836.106954600116,3405.975282203509,8427.71873600025,13244.49517319998,57.70712639999999,18.91215804430531,44.33421119999999,71.08004159999999,2.1125000000019742,0.22980970388841993,1.95,2.2750000000039483,0.0,0.0,0.0,0.0,30.563297399924807,2.0166439325217307,29.137314799999984,31.98927999984963,32.67579739992678,1.7868342286333148,31.412314800003934,33.93927999984963
15,0.8,0.8,25%,57.95676648542096,5.96462048045769,53.73914289648516,62.17439007435676,7405.5692421200065,658.8496356070151,6939.692197,7871.446287240013,4644.07906112001,658.8496356070151,4178.202016000004,5109.956106240016,2761.490180999996,0.0,2761.490180999996,2761.490180999996,4029.3252917200307,2747.125646596639,2086.814118240068,5971.836465199994,10431.206954600018,3405.975282203656,8022.818736000048,12839.595173199988,57.70712639999999,18.91215804430531,44.33421119999999,71.08004159999999,2.1125,0.2298097038856277,1.95,2.2749999999999995,0.0,0.0,0.0,0.0,30.56329739999999,2.0166439326280585,29.137314799999984,31.989279999999997,32.67579739999999,1.7868342287424275,31.412314799999983,33.93928
15,0.8,0.8,50%,58.945152008855544,6.293956004642743,54.49465303748287,63.39565098022821,7296.39256539972,695.2279082586734,6804.792196999873,7787.992933799567,4534.902384399724,695.2279082586745,4043.302015999877,5026.502752799572,2761.490180999996,0.0,2761.490180999996,2761.490180999996,4055.0486150000434,2710.7473739447287,2138.2607648001,5971.836465199987,10566.10695460039,3405.9752822033097,8157.718736000664,12974.495173200114,57.70712639999999,18.91215804430531,44.33421119999999,71.08004159999999,2.1125000000020444,0.22980970388851932,1.95,2.275000000004089,0.0,0.0,0.0,0.0,30.563297399970978,2.0166439325870265,29.137314799999984,31.98927999994197,32.67579739997303,1.7868342286985037,31.41231480000408,33.939279999941974
15,0.8,0.8,75%,59.44641017538185,7.00284210198466,54.49465303748984,64.39816731327386,7241.0237851993825,773.5311881489577,6694.054636599968,7787.992933798798,4479.533604199387,773.5311881489578,3932.564455599972,5026.502752798802,2761.490180999996,0.0,2761.490180999996,2761.490180999996,4134.779834799995,2632.4440940538566,2273.360764800035,5996.198904799955,10701.206954600588,3405.975282202838,8292.818736001196,13109.59517319998,57.70712639999999,18.91215804430531,44.33421119999999,71.08004159999999,2.1125000000019742,0.22980970388841993,1.95,2.2750000000039483,0.0,0.0,0.0,0.0,30.563297399964164,2.0166439325773897,29.137314799999984,31.989279999928343,32.67579739996614,1.786834228688969,31.412314800003934,33.939279999928345
15,0.9,0.9,0%,52.03925552209235,6.179450265241593,47.66972433553501,56.40878670864969,7340.685713213628,767.902105414911,6797.696927187318,7883.674499239939,5959.940622713631,767.902105414911,5416.95183668732,6502.929408739941,1380.745090499998,0.0,1380.745090499998,1380.745090499998,3843.5725173339792,2632.181599122512,1982.3390592800004,5704.805975387958,10310.337709120362,3400.0837045374187,7906.115465040075,12714.559953200647,57.70712639999999,18.91215804430531,44.33421119999999,71.08004159999999,1.7874999999999561,0.22980970388569016,1.624999999999912,1.95,0.0,0.0,0.0,0.0,16.65754288001586,3.87493373403433,13.917550960031676,19.397534800000045,18.445042880015816,4.1047434379200185,15.542550960031589,21.347534800000044
15,0.9,0.9,100%,54.46605339837879,7.087381247658887,49.45451805730482,59.47758873945276,7039.114680414978,880.728017598609,6416.345926790016,7661.883434039939,5658.36958991498,880.728017598609,5035.600836290018,6281.138343539941,1380.745090499998,0.0,1380.745090499998,1380.745090499998,4082.001484535014,2519.3556869383533,2300.5479940800114,5863.454974990016,10850.337709120025,3400.0837045370054,8446.115465040031,13254.55995320002,57.70712639999999,18.91215804430531,44.33421119999999,71.08004159999999,1.7874999999999677,0.22980970388567337,1.6249999999999356,1.95,0.0,0.0,0.0,0.0,16.657542880016884,3.8749337340329033,13.917550960033708,19.39753480000006,18.44504288001685,4.104743437918575,15.542550960033644,21.34753480000006
15,0.9,0.9,25%,53.12102777053262,6.187090466600229,48.74609414578496,57.49596139528028,7206.257058317054,768.8515307613858,6662.59692719002,7749.917189444087,5825.511967817056,768.8515307613854,5281.851836690023,6369.172098944089,1380.745090499998,0.0,1380.745090499998,1380.745090499998,3844.2438624550123,2631.2321737502252,1983.681749520008,5704.805975390017,10445.437709137996,3400.0837045115813,8041.215465075979,12849.659953200013,57.70712639999999,18.91215804430531,44.33421119999999,71.08004159999999,1.7874999847125737,0.22980972550531378,1.6249999694251471,1.95,0.0,0.0,0.0,0.0,16.65754287965055,3.8749337345509764,13.91755095930104,19.39753480000006,18.445042864363124,4.104743460056293,15.542550928726186,21.34753480000006
15,0.9,0.9,50%,54.018022351125346,6.453769664268172,49.45451805730529,58.5815266449454,7094.7901806147875,801.9909701240499,6527.696927189693,7661.883434039881,5714.04509011479,801.9909701240496,5146.951836689696,6281.138343539883,1380.745090499998,0.0,1380.745090499998,1380.745090499998,3867.6769847351916,2598.0927344133597,2030.5479940800049,5704.805975390378,10580.337709120402,3400.08370453744,8176.1154650401,12984.559953200704,57.70712639999999,18.91215804430531,44.33421119999999,71.08004159999999,1.7874999999999968,0.22980970388563246,1.6249999999999936,1.95,0.0,0.0,0.0,0.0,16.657542880008208,3.8749337340451344,13.917550960016383,19.39753480000003,18.445042880008202,4.104743437930764,15.542550960016378,21.34753480000003
15,0.9,0.9,75%,54.46605339837903,7.087381247658553,49.45451805730529,59.47758873945276,7039.114680414948,880.7280175985678,6416.345926790016,7661.883434039881,5658.369589914951,880.7280175985678,5035.600836290018,6281.138343539883,1380.745090499998,0.0,1380.745090499998,1380.745090499998,3947.1014845350105,2519.3556869383583,2165.6479940800045,5728.5549749900165,10715.437709120062,3400.0837045369585,8311.2154650401,13119.659953200022,57.70712639999999,18.91215804430531,44.33421119999999,71.08004159999999,1.7874999999999968,0.22980970388563246,1.6249999999999936,1.95,0.0,0.0,0.0,0.0,16.657542880008222,3.8749337340451544,13.917550960016383,19.39753480000006,18.445042880008216,4.104743437930784,15.542550960016378,21.34753480000006
15,1.0,1.0,0%,47.927176492680246,6.474619548540638,43.348929104304176,52.50542388105631,7189.9295406204765,893.979915450279,6557.790280161007,7822.068801079945,7189.9295406204765,893.979915450279,6557.790280161007,7822.068801079945,0.0,0.0,0.0,0.0,3704.9700102205043,2503.1496589106287,1934.9759120800052,5474.964108361003,10322.491374600026,3397.129574360902,7920.358016000062,12724.62473319999,57.70712639999999,18.91215804430531,44.33421119999999,71.08004159999999,1.462499999999999,0.2298097038856264,1.3,1.6249999999999978,0.0,0.0,0.0,0.0,4.828877400000003,6.8290639101169335,0.0,9.657754800000006,6.291377400000003,7.05887361400256,1.3,11.282754800000005
15,1.0,1.0,100%,50.14878600562084,7.24501964640254,45.02578348381984,55.27178852742184,6883.181897820393,1000.3525307346342,6175.825839760809,7590.537955879977,6883.181897820393,1000.3525307346342,6175.825839760809,7590.537955879977,0.0,0.0,0.0,0.0,3938.222367420407,2396.777043626309,2243.445066879998,5632.999667960816,10862.49137460001,3397.1295743609357,8460.358016000022,13264.624733199997,57.70712639999999,18.91215804430531,44.33421119999999,71.08004159999999,1.4625000000000004,0.2298097038856283,1.3,1.6250000000000004,0.0,0.0,0.0,0.0,4.828877400000003,6.8290639101169335,0.0,9.657754800000006,6.291377400000004,7.058873614002562,1.3,11.282754800000006
15,1.0,1.0,25%,48.905633710667146,6.474619548540923,44.32738632229088,53.483881099043415,7054.829540620503,893.9799154503182,6422.690280161008,7686.96880108,7054.829540620503,893.9799154503182,6422.690280161008,7686.96880108,0.0,0.0,0.0,0.0,3704.970010220506,2503.149658910631,1934.9759120800056,5474.964108361007,10457.591374599997,3397.1295743609417,8055.458016000005,12859.724733199988,57.70712639999999,18.91215804430531,44.33421119999999,71.08004159999999,1.4625000000000001,0.22980970388562807,1.3,1.6250000000000002,0.0,0.0,0.0,0.0,4.828877400000018,6.829063910116955,0.0,9.657754800000037,6.291377400000019,7.058873614002583,1.3,11.282754800000037
15,1.0,1.0,50%,49.74333665377978,6.671627674173524,45.02578348381984,54.460889823739706,6939.164118020488,921.1817156759024,6287.790280161,7590.537955879977,6939.164118020488,921.1817156759024,6287.790280161,7590.537955879977,0.0,0.0,0.0,0.0,3724.204587620522,2475.94785868507,1973.4450668799973,5474.964108361047,10592.49137460003,3397.129574360964,8190.358016000022,12994.624733200037,57.70712639999999,18.91215804430531,44.33421119999999,71.08004159999999,1.4624999999999995,0.22980970388562713,1.3,1.624999999999999,0.0,0.0,0.0,0.0,4.828877400000003,6.8290639101169335,0.0,9.657754800000006,6.291377400000003,7.05887361400256,1.3,11.282754800000005
15,1.0,1.0,75%,50.148786005648866,7.245019646364516,45.025783483874754,55.27178852742298,6883.181897816524,1000.3525307293851,6175.825839760651,7590.537955872396,6883.181897816524,1000.3525307293851,6175.825839760651,7590.537955872396,0.0,0.0,0.0,0.0,3803.3223674205083,2396.7770436264436,2108.5450668800045,5498.0996679610125,10727.591374604102,3397.1295743556543,8325.45801600785,13129.724733200355,57.70712639999999,18.91215804430531,44.33421119999999,71.08004159999999,1.4624999997986667,0.22980970360089972,1.3,1.6249999995973337,0.0,0.0,0.0,0.0,4.82887740000001,6.829063910116944,0.0,9.65775480000002,6.2913773997986775,7.058873613717844,1.3,11.282754799597354
