period_years,iter,interval_start,interval_end,FEA,FEB,VRFI0,A0,B0,Qturb_total_Hm3,Rebalse_total_Hm3,Qdis_prom_Hm3_mes,Satisf_prom_pct,Def_modelo_Hm3,Def_FE_Hm3,Def_total_Hm3,VRFI_fin_Hm3,A_fin_Hm3,B_fin_Hm3,TOTAL_fin_Hm3
5,1,1989/1990,1993/1994,0.5,0.5,0.0,0.0,0.0,4156.0877322999995,2480.9785874100003,73.09655999999998,72.79153073577417,626.13267261,2301.2418175,2927.37449011,142.65481770000005,0.0,67.55104999999999,210.20586770000006
5,2,1994/1995,1998/1999,0.5,0.5,0.0,0.0,0.0,3627.861186000001,1974.2945069500004,61.08730559999999,71.85540721862884,647.6751384499996,2301.2418175,2948.9169559499996,0.0,0.0,18.85214999999998,18.85214999999998
5,3,1999/2000,2003/2004,0.5,0.5,0.0,0.0,0.0,4549.468503199997,2572.4070068500005,79.05625920000003,85.91280939340051,324.1803211499999,2301.2418175,2625.42213865,116.05039400000001,0.0,58.35665479999999,174.40704879999998
5,4,2004/2005,2008/2009,0.5,0.5,0.0,0.0,0.0,3770.521626000001,2003.9671198400008,66.090672,76.76527050421552,534.6873113400001,2301.2418175,2835.92912884,116.05039400000005,0.0,59.3683,175.41869400000004
5,5,2009/2010,2013/2014,0.5,0.5,0.0,0.0,0.0,1544.9737529639006,5.378540319999985,26.6219712,66.90280008541087,761.6466048561001,2301.2418175,3062.8884223561,21.06370912999996,0.0,11.780809906099918,32.84451903609988
5,6,2014/2015,2018/2019,0.5,0.5,0.0,0.0,0.0,2222.4807299999998,513.13552154,40.2899904,74.27925198738923,591.8966090399999,2301.2418175,2893.1384265399997,116.05039400000003,0.0,59.36829999999999,175.41869400000002
5,1,1989/1990,1993/1994,0.5,0.5,43.8,65.0,26.3,4291.187732299999,2486.49090341,73.09655999999998,78.42273746140113,496.5449886099998,2301.2418175,2797.78680611,142.65481770000005,0.0,67.55104999999999,210.20586770000006
5,2,1994/1995,1998/1999,0.5,0.5,43.8,65.0,26.3,3762.9611860000014,2109.3945069500005,61.08730559999999,71.85540721862884,647.6751384499996,2301.2418175,2948.9169559499996,0.0,0.0,18.85214999999998,18.85214999999998
5,3,1999/2000,2003/2004,0.5,0.5,43.8,65.0,26.3,4684.568503199997,2668.7094056000005,79.05625920000003,87.59875134678238,285.3827199,2301.2418175,2586.6245374,116.05039400000001,0.0,58.35665479999999,174.40704879999998
5,4,2004/2005,2008/2009,0.5,0.5,43.8,65.0,26.3,3905.621626,2088.2428248400006,66.090672,78.97383001384647,483.86301633999983,2301.2418175,2785.1048338399996,116.05039400000005,0.0,59.3683,175.41869400000004
5,5,2009/2010,2013/2014,0.5,0.5,43.8,65.0,26.3,1679.3738262189004,132.29294599999997,26.6219712,67.22808826321445,754.1609372810999,2301.2418175,3055.4027547810997,21.063709129999953,0.0,12.48073665109996,33.54444578109991
5,6,2014/2015,2018/2019,0.5,0.5,43.8,65.0,26.3,2357.58073,623.8857832200002,40.2899904,75.33736496512279,567.54687072,2301.2418175,2868.78868822,116.05039400000003,0.0,59.36829999999999,175.41869400000002
5,1,1989/1990,1993/1994,0.5,0.5,87.5,130.0,52.5,4426.087732299997,2549.42809266,73.09655999999998,81.54986691832099,424.5821778599999,2301.2418175,2725.8239953599996,142.65481770000005,0.0,67.55104999999999,210.20586770000006
5,2,1994/1995,1998/1999,0.5,0.5,87.5,130.0,52.5,3897.861186000001,2244.2945069500006,61.08730559999999,71.85540721862884,647.6751384499996,2301.2418175,2948.9169559499996,0.0,0.0,18.85214999999998,18.85214999999998
5,3,1999/2000,2003/2004,0.5,0.5,87.5,130.0,52.5,4819.468503199998,2803.6094056,79.05625920000003,87.59875134678238,285.38271990000004,2301.2418175,2586.6245374,116.05039400000001,0.0,58.35665479999999,174.40704879999998
5,4,2004/2005,2008/2009,0.5,0.5,87.5,130.0,52.5,4040.521626,2184.3452235900004,66.090672,80.65977196722832,445.06541508999993,2301.2418175,2746.30723259,116.05039400000005,0.0,59.3683,175.41869400000004
5,5,2009/2010,2013/2014,0.5,0.5,87.5,130.0,52.5,1814.273826218901,267.19294599999995,26.6219712,67.22808826321446,754.1609372810999,2301.2418175,3055.4027547810997,21.063709129999953,0.0,12.480736651099988,33.54444578109994
5,6,2014/2015,2018/2019,0.5,0.5,87.5,130.0,52.5,2492.4807299999998,758.7857832200001,40.2899904,75.33736496512279,567.54687072,2301.2418175,2868.78868822,116.05039400000003,0.0,59.36829999999999,175.41869400000002
5,1,1989/1990,1993/1994,0.5,0.5,131.3,195.0,78.8,4561.187732299996,2645.7304914099996,73.09655999999998,83.23580887170284,385.7845766099999,2301.2418175,2687.0263941099997,142.65481770000005,0.0,67.55104999999999,210.20586770000006
5,2,1994/1995,1998/1999,0.5,0.5,131.3,195.0,78.8,4032.9611860000014,2379.3945069500005,61.08730559999999,71.85540721862886,647.6751384499996,2301.2418175,2948.9169559499996,0.0,0.0,18.85214999999998,18.85214999999998
5,3,1999/2000,2003/2004,0.5,0.5,131.3,195.0,78.8,4954.568503199997,2938.7094056000005,79.05625920000003,87.59875134678238,285.3827199,2301.2418175,2586.6245374,116.05039400000001,0.0,58.35665479999999,174.40704879999998
5,4,2004/2005,2008/2009,0.5,0.5,131.3,195.0,78.8,4175.621625999998,2319.4452235900003,66.090672,80.65977196722832,445.0654150899999,2301.2418175,2746.30723259,116.05039400000005,0.0,59.3683,175.41869400000004
5,5,2009/2010,2013/2014,0.5,0.5,131.3,195.0,78.8,1949.373826218901,402.29294600000003,26.6219712,67.22808826321446,754.1609372811,2301.2418175,3055.4027547810997,21.063709129999985,0.0,12.480736651100003,33.54444578109999
5,6,2014/2015,2018/2019,0.5,0.5,131.3,195.0,78.8,2627.58073,893.8857832200001,40.2899904,75.33736496512279,567.54687072,2301.2418175,2868.78868822,116.05039400000003,0.0,59.36829999999999,175.41869400000002
5,1,1989/1990,1993/1994,0.5,0.5,175.0,260.0,105.0,4696.087732299997,2780.630491410001,73.09655999999998,83.23580887170286,385.7845766099999,2301.2418175,2687.0263941099997,142.65481770000005,0.0,67.55104999999999,210.20586770000006
5,2,1994/1995,1998/1999,0.5,0.5,175.0,260.0,105.0,4167.861186,2514.2945069500006,61.08730559999999,71.85540721862886,647.6751384499996,2301.2418175,2948.9169559499996,0.0,0.0,18.85214999999998,18.85214999999998
5,3,1999/2000,2003/2004,0.5,0.5,175.0,260.0,105.0,5089.468503199997,3073.6094056,79.05625920000003,87.59875134678238,285.3827199,2301.2418175,2586.6245374,116.05039400000003,0.0,58.35665479999999,174.4070488
5,4,2004/2005,2008/2009,0.5,0.5,175.0,260.0,105.0,4310.521625999997,2454.34522359,66.090672,80.65977196722835,445.0654150899996,2301.2418175,2746.3072325899993,116.05039400000008,0.0,59.3683,175.41869400000007
5,5,2009/2010,2013/2014,0.5,0.5,175.0,260.0,105.0,2084.273826218901,537.1929459999999,26.6219712,67.22808826321446,754.1609372810998,2301.2418175,3055.4027547810997,21.063709129999985,0.0,12.480736651100031,33.544445781100016
5,6,2014/2015,2018/2019,0.5,0.5,175.0,260.0,105.0,2762.4807300000007,1028.78578322,40.2899904,75.33736496512282,567.5468707199999,2301.2418175,2868.7886882199996,116.05039400000003,0.0,59.36829999999999,175.41869400000002
5,1,1989/1990,1993/1994,0.6,0.6,0.0,0.0,0.0,4201.2568672,2381.9353673000005,73.09655999999998,65.8818746638158,942.1686810999996,1840.993453999999,2783.1621350999985,104.97547280000003,0.0,60.061260000000004,165.03673280000004
5,2,1994/1995,1998/1999,0.6,0.6,0.0,0.0,0.0,3645.4157560000012,1902.3060219800007,61.08730559999999,63.122068874739924,1018.3804469799998,1840.993453999999,2859.373900979999,0.0,0.0,1.6225800000000135,1.6225800000000135
5,3,1999/2000,2003/2004,0.6,0.6,0.0,0.0,0.0,4602.136992100002,2388.1867126800007,79.05625920000003,80.17230315185395,547.5399015799997,1840.993453999999,2388.533355579999,73.12168510000018,0.0,48.616874800000005,121.73855990000018
5,4,2004/2005,2008/2009,0.6,0.6,0.0,0.0,0.0,3800.4744317,1861.9206008840004,66.090672,70.1995554485008,822.9363501839997,1840.993453999999,2663.929804183999,95.22392830000015,0.0,50.241960000000006,145.46588830000016
5,5,2009/2010,2013/2014,0.6,0.6,0.0,0.0,0.0,1578.1432720000005,4.765100319999988,26.6219712,56.97569314225275,1188.1120093199997,1840.993453999999,3029.1054633199988,0.0,0.0,0.0,0.0
5,6,2014/2015,2018/2019,0.6,0.6,0.0,0.0,0.0,2290.2318745406005,416.28088784060014,40.2899904,67.86013579166156,887.5391942999996,1840.993453999999,2728.5326482999985,57.42558945940017,0.0,50.241960000000006,107.66754945940018
5,1,1989/1990,1993/1994,0.6,0.6,43.8,65.0,26.3,4336.356867200001,2381.9353673000005,73.09655999999998,70.77416075375137,807.0686811,1840.993453999999,2648.062135099999,104.97547280000003,0.0,60.061260000000004,165.03673280000004
5,2,1994/1995,1998/1999,0.6,0.6,43.8,65.0,26.3,3780.5157560000016,2037.4060219800006,61.08730559999999,63.12206887473994,1018.3804469799989,1840.993453999999,2859.373900979998,0.0,0.0,1.6225800000002408,1.6225800000002408
5,3,1999/2000,2003/2004,0.6,0.6,43.8,65.0,26.3,4737.236992100002,2499.2412938,79.05625920000003,81.04304384995385,523.4944826999998,1840.993453999999,2364.487936699999,73.12168510000015,0.0,48.616874800000005,121.73855990000015
5,4,2004/2005,2008/2009,0.6,0.6,43.8,65.0,26.3,3935.5744317,1936.6341550240006,66.090672,72.38628949070305,762.5499043239998,1840.993453999999,2603.5433583239987,95.22392830000015,0.0,50.241960000000006,145.46588830000016
5,5,2009/2010,2013/2014,0.6,0.6,43.8,65.0,26.3,1713.2432720000004,126.49309359999985,26.6219712,57.45992469273966,1174.7400025999996,1840.993453999999,3015.7334565999986,0.0,0.0,0.0,0.0
5,6,2014/2015,2018/2019,0.6,0.6,43.8,65.0,26.3,2425.3318745406,551.3808878405999,40.2899904,67.86013579166156,887.5391942999996,1840.993453999999,2728.5326482999985,57.42558945940011,0.0,50.241960000000006,107.6675494594001
5,1,1989/1990,1993/1994,0.6,0.6,87.5,130.0,52.5,4471.2568672000025,2387.8877486710003,73.09655999999998,75.44365476521676,678.1210624709997,1840.993453999999,2519.1145164709988,104.97547280000003,0.0,60.061260000000004,165.03673280000004
5,2,1994/1995,1998/1999,0.6,0.6,87.5,130.0,52.5,3915.4157560000012,2172.30602198,61.08730559999999,63.122068874739924,1018.3804469799998,1840.993453999999,2859.373900979999,0.0,0.0,1.6225800000000135,1.6225800000000135
5,3,1999/2000,2003/2004,0.6,0.6,87.5,130.0,52.5,4872.136992100002,2634.1412938000003,79.05625920000003,81.04304384995385,523.4944826999998,1840.993453999999,2364.487936699999,73.12168510000015,0.0,48.616874800000005,121.73855990000015
5,4,2004/2005,2008/2009,0.6,0.6,87.5,130.0,52.5,4070.4744317,2053.184696784,66.090672,73.05076616949955,744.2004460839997,1840.993453999999,2585.193900083999,95.22392830000015,0.0,50.241960000000006,145.46588830000016
5,5,2009/2010,2013/2014,0.6,0.6,87.5,130.0,52.5,1848.143272,261.39309359999993,26.6219712,57.45992469273966,1174.7400025999998,1840.993453999999,3015.733456599999,0.0,0.0,0.0,0.0
5,6,2014/2015,2018/2019,0.6,0.6,87.5,130.0,52.5,2560.2318745406,686.2808878406,40.2899904,67.86013579166156,887.5391942999996,1840.993453999999,2728.5326482999985,57.42558945940011,0.0,50.241960000000006,107.6675494594001
5,1,1989/1990,1993/1994,0.6,0.6,131.3,195.0,78.8,4606.356867200002,2457.9377364469997,73.09655999999998,77.79926742216433,613.0710502469996,1840.993453999999,2454.0645042469987,104.97547280000003,0.0,60.061260000000004,165.03673280000004
5,2,1994/1995,1998/1999,0.6,0.6,131.3,195.0,78.8,4050.5157560000007,2307.4060219800003,61.08730559999999,63.122068874739924,1018.3804469799996,1840.993453999999,2859.373900979999,0.0,0.0,1.6225800000000135,1.6225800000000135
5,3,1999/2000,2003/2004,0.6,0.6,131.3,195.0,78.8,5007.236992100003,2769.2412938000007,79.05625920000003,81.04304384995385,523.4944826999998,1840.993453999999,2364.487936699999,73.12168510000015,0.0,48.616874800000005,121.73855990000015
5,4,2004/2005,2008/2009,0.6,0.6,131.3,195.0,78.8,4205.5744317,2188.2846967840005,66.090672,73.05076616949955,744.2004460839995,1840.993453999999,2585.1939000839984,95.22392830000015,0.0,50.241960000000006,145.46588830000016
5,5,2009/2010,2013/2014,0.6,0.6,131.3,195.0,78.8,1983.2432720000004,396.49309359999995,26.6219712,57.45992469273967,1174.7400025999996,1840.993453999999,3015.7334565999986,0.0,0.0,0.0,0.0
5,6,2014/2015,2018/2019,0.6,0.6,131.3,195.0,78.8,2695.3318745406004,821.3808878406003,40.2899904,67.86013579166156,887.5391942999996,1840.993453999999,2728.5326482999985,57.42558945940011,0.0,50.241960000000006,107.6675494594001
5,1,1989/1990,1993/1994,0.6,0.6,175.0,260.0,105.0,4741.256867200002,2592.837736447,73.09655999999998,77.79926742216433,613.0710502469994,1840.993453999999,2454.0645042469987,104.97547280000003,0.0,60.061260000000004,165.03673280000004
5,2,1994/1995,1998/1999,0.6,0.6,175.0,260.0,105.0,4185.415756,2442.30602198,61.08730559999999,63.12206887473994,1018.3804469799996,1840.993453999999,2859.373900979999,0.0,0.0,1.6225800000000135,1.6225800000000135
5,3,1999/2000,2003/2004,0.6,0.6,175.0,260.0,105.0,5142.136992100002,2904.1412938000008,79.05625920000003,81.04304384995385,523.4944826999999,1840.993453999999,2364.487936699999,73.12168510000015,0.0,48.616874800000005,121.73855990000015
5,4,2004/2005,2008/2009,0.6,0.6,175.0,260.0,105.0,4340.4744316999995,2323.184696784,66.090672,73.05076616949955,744.2004460839995,1840.993453999999,2585.1939000839984,95.22392830000015,0.0,50.241960000000006,145.46588830000016
5,5,2009/2010,2013/2014,0.6,0.6,175.0,260.0,105.0,2118.143272,531.3930935999999,26.6219712,57.45992469273967,1174.7400025999996,1840.993453999999,3015.7334565999986,0.0,0.0,0.0,0.0
5,6,2014/2015,2018/2019,0.6,0.6,175.0,260.0,105.0,2830.2318745406,956.2808878406001,40.2899904,67.86013579166156,887.5391942999996,1840.993453999999,2728.5326482999985,57.425589459400115,0.0,50.241960000000006,107.66754945940012
5,1,1989/1990,1993/1994,0.7,0.7,0.0,0.0,0.0,4231.93232345,2246.4298601500004,73.09655999999998,61.628292795191506,1236.2360812000002,1380.7450905000003,2616.9811717000002,81.78980655,0.0,52.571470000000005,134.36127655
5,2,1994/1995,1998/1999,0.7,0.7,0.0,0.0,0.0,3647.0383360000005,1815.2440438300005,61.08730559999999,56.85732305301912,1389.94425233,1380.7450905000003,2770.68934283,0.0,0.0,0.0,0.0
5,3,1999/2000,2003/2004,0.7,0.7,0.0,0.0,0.0,4662.330012649997,2163.5073940599996,79.05625920000003,77.56130995967608,722.9159259099996,1380.7450905000003,2103.66101641,22.668444550000014,0.0,38.87709480000001,61.54553935000003
5,4,2004/2005,2008/2009,0.7,0.7,0.0,0.0,0.0,3870.42758505,1824.9857674400005,66.090672,63.488758921852394,1176.2967268900004,1380.7450905000003,2557.0418173900007,34.39711494999999,0.0,41.11562000000001,75.51273495
5,5,2009/2010,2013/2014,0.7,0.7,0.0,0.0,0.0,1578.4682720000003,4.151660319999976,26.6219712,48.86543678001432,1647.4219328200004,1380.7450905000003,3028.1670233200007,0.0,0.0,0.0,0.0
5,6,2014/2015,2018/2019,0.7,0.7,0.0,0.0,0.0,2334.1153594500006,330.1234519495,40.2899904,62.20218927825853,1217.7466369995002,1380.7450905000003,2598.4917274995005,22.668444549999986,0.0,41.11562000000001,63.78406455
5,1,1989/1990,1993/1994,0.7,0.7,43.8,65.0,26.3,4367.032323449998,2246.4298601500004,73.09655999999998,65.82168087227916,1101.1360812000007,1380.7450905000003,2481.881171700001,81.78980655,0.0,52.571470000000005,134.36127655
5,2,1994/1995,1998/1999,0.7,0.7,43.8,65.0,26.3,3782.1383360000004,1950.3440438300008,61.08730559999999,56.857323053019115,1389.9442523300002,1380.7450905000003,2770.6893428300004,0.0,0.0,0.0,0.0
5,3,1999/2000,2003/2004,0.7,0.7,43.8,65.0,26.3,4797.4300126499975,2235.21824118,79.05625920000003,79.52885487384098,659.5267730299998,1380.7450905000003,2040.2718635300002,22.668444550000014,0.0,38.87709480000001,61.54553935000003
5,4,2004/2005,2008/2009,0.7,0.7,43.8,65.0,26.3,4005.52758505,1868.8014622300007,66.090672,66.32214542883126,1085.0124216800007,1380.7450905000003,2465.757512180001,34.39711494999999,0.0,41.11562000000001,75.51273495
5,5,2009/2010,2013/2014,0.7,0.7,43.8,65.0,26.3,1713.5682720000002,120.69324119999989,26.6219712,49.44147418539851,1628.8635137000003,1380.7450905000003,3009.6086042000006,0.0,0.0,0.0,0.0
5,6,2014/2015,2018/2019,0.7,0.7,43.8,65.0,26.3,2469.21535945,451.39963762950003,40.2899904,62.6312686131909,1203.9228226795003,1380.7450905000003,2584.667913179501,22.668444549999997,0.0,41.11562000000001,63.784064550000004
5,1,1989/1990,1993/1994,0.7,0.7,87.5,130.0,52.5,4501.93232345,2246.7548601500007,73.09655999999998,69.99877339984447,966.5610811999999,1380.7450905000003,2347.3061717,81.78980655,0.0,52.571470000000005,134.36127655
5,2,1994/1995,1998/1999,0.7,0.7,87.5,130.0,52.5,3917.0383360000005,2085.2440438300005,61.08730559999999,56.857323053019115,1389.9442523300002,1380.7450905000003,2770.6893428300004,0.0,0.0,0.0,0.0
5,3,1999/2000,2003/2004,0.7,0.7,87.5,130.0,52.5,4932.330012649997,2370.11824118,79.05625920000003,79.52885487384098,659.5267730299998,1380.7450905000003,2040.2718635300002,22.668444550000014,0.0,38.87709480000001,61.54553935000003
5,4,2004/2005,2008/2009,0.7,0.7,87.5,130.0,52.5,4140.427585049999,1946.0082699900001,66.090672,68.11289261216469,1027.3192294399998,1380.7450905000003,2408.06431994,34.39711495,0.0,41.11562000000001,75.51273495000001
5,5,2009/2010,2013/2014,0.7,0.7,87.5,130.0,52.5,1848.468272,255.5932411999999,26.6219712,49.44147418539851,1628.8635137000003,1380.7450905000003,3009.6086042000006,0.0,0.0,0.0,0.0
5,6,2014/2015,2018/2019,0.7,0.7,87.5,130.0,52.5,2604.11535945,586.2996376295001,40.2899904,62.6312686131909,1203.9228226795003,1380.7450905000003,2584.667913179501,22.668444550000025,0.0,41.11562000000001,63.78406455000003
5,1,1989/1990,1993/1994,0.7,0.7,131.3,195.0,78.8,4637.032323449999,2281.7404798055004,73.09655999999998,73.10623786232888,866.4467008554998,1380.7450905000003,2247.1917913555,81.78980655,0.0,52.571470000000005,134.36127655
5,2,1994/1995,1998/1999,0.7,0.7,131.3,195.0,78.8,4052.138336000001,2220.344043830001,61.08730559999999,56.857323053019115,1389.9442523300002,1380.7450905000003,2770.6893428300004,0.0,0.0,0.0,0.0
5,3,1999/2000,2003/2004,0.7,0.7,131.3,195.0,78.8,5067.4300126499975,2505.2182411800004,79.05625920000003,79.52885487384098,659.5267730299997,1380.7450905000003,2040.27186353,22.668444550000014,0.0,38.87709480000001,61.54553935000003
5,4,2004/2005,2008/2009,0.7,0.7,131.3,195.0,78.8,4275.527585049998,2081.1082699900003,66.090672,68.11289261216469,1027.3192294399998,1380.7450905000003,2408.06431994,34.39711494999999,0.0,41.11562000000001,75.51273495
5,5,2009/2010,2013/2014,0.7,0.7,131.3,195.0,78.8,1983.5682720000004,390.6932412,26.6219712,49.44147418539852,1628.8635137,1380.7450905000003,3009.6086042000006,0.0,0.0,0.0,0.0
5,6,2014/2015,2018/2019,0.7,0.7,131.3,195.0,78.8,2739.21535945,721.3996376295001,40.2899904,62.6312686131909,1203.9228226795003,1380.7450905000003,2584.667913179501,22.668444550000014,0.0,41.11562000000001,63.784064550000025
5,1,1989/1990,1993/1994,0.7,0.7,175.0,260.0,105.0,4771.932323449999,2416.6404798055,73.09655999999998,73.10623786232887,866.4467008554997,1380.7450905000003,2247.1917913555,81.78980655,0.0,52.571470000000005,134.36127655
5,2,1994/1995,1998/1999,0.7,0.7,175.0,260.0,105.0,4187.038336,2355.2440438300005,61.08730559999999,56.857323053019115,1389.9442523300002,1380.7450905000003,2770.6893428300004,0.0,0.0,0.0,0.0
5,3,1999/2000,2003/2004,0.7,0.7,175.0,260.0,105.0,5202.330012649997,2640.11824118,79.05625920000003,79.52885487384098,659.5267730299997,1380.7450905000003,2040.27186353,22.668444550000014,0.0,38.87709480000001,61.54553935000003
5,4,2004/2005,2008/2009,0.7,0.7,175.0,260.0,105.0,4410.427585049998,2216.0082699900004,66.090672,68.11289261216469,1027.3192294399998,1380.7450905000003,2408.06431994,34.39711494999999,0.0,41.11562000000001,75.51273495
5,5,2009/2010,2013/2014,0.7,0.7,175.0,260.0,105.0,2118.468272000001,525.5932412,26.6219712,49.44147418539851,1628.8635136999999,1380.7450905000003,3009.6086042,0.0,0.0,0.0,0.0
5,6,2014/2015,2018/2019,0.7,0.7,175.0,260.0,105.0,2874.1153594500006,856.2996376295001,40.2899904,62.6312686131909,1203.9228226795003,1380.7450905000003,2584.667913179501,22.668444550000043,0.0,41.115620000000014,63.78406455000005
5,1,1989/1990,1993/1994,0.8,0.8,0.0,0.0,0.0,4295.062514399998,2140.79262136,73.09655999999998,58.508352877608935,1527.7170149600006,920.4967269999995,2448.2137419600003,26.149405599999906,0.0,45.08167999999999,71.2310855999999
5,2,1994/1995,1998/1999,0.8,0.8,0.0,0.0,0.0,3647.3633360000013,1742.7382184800003,61.08730559999999,51.72818820680068,1777.3617904800014,920.4967269999995,2697.858517480001,0.0,0.0,0.0,0.0
5,3,1999/2000,2003/2004,0.8,0.8,0.0,0.0,0.0,4693.552871999998,2007.1171353599998,79.05625920000003,72.96157764176392,995.5511713600001,920.4967269999995,1916.0478983599996,1.1853651999999721,0.0,29.137314799999984,30.322679999999956
5,4,2004/2005,2008/2009,0.8,0.8,0.0,0.0,0.0,3912.765674800001,1756.1288416000002,66.090672,58.57263719526517,1525.350074800001,920.4967269999995,2445.8468018000003,1.1853651999999935,0.0,31.989279999999994,33.174645199999986
5,5,2009/2010,2013/2014,0.8,0.8,0.0,0.0,0.0,1578.4682719999994,3.5382203199999793,26.6219712,42.773917752344175,2107.0568563200004,920.4967269999995,3027.55358332,0.0,0.0,0.0,0.0
5,6,2014/2015,2018/2019,0.8,0.8,0.0,0.0,0.0,2366.2351440000007,276.42317718799995,40.2899904,56.757723996013766,1592.174941188001,920.4967269999995,2512.6716681880007,0.0,0.0,31.989279999999994,31.989279999999994
5,1,1989/1990,1993/1994,0.8,0.8,43.8,65.0,26.3,4430.162514399999,2140.79262136,73.09655999999998,62.177567445060625,1392.6170149600007,920.4967269999995,2313.11374196,26.149405599999906,0.0,45.08167999999999,71.2310855999999
5,2,1994/1995,1998/1999,0.8,0.8,43.8,65.0,26.3,3782.463336000001,1877.8382184800007,61.08730559999999,51.72818820680068,1777.361790480001,920.4967269999995,2697.8585174800005,0.0,0.0,0.0,0.0
5,3,1999/2000,2003/2004,0.8,0.8,43.8,65.0,26.3,4828.652871999999,2054.2531864799994,79.05625920000003,75.3506124503581,907.5872224800002,920.4967269999995,1828.0839494799998,1.1853651999999721,0.0,29.137314799999984,30.322679999999956
5,4,2004/2005,2008/2009,0.8,0.8,43.8,65.0,26.3,4047.8656748000008,1767.2113118400002,66.090672,61.94086019167352,1401.332545040001,920.4967269999995,2321.8292720400004,1.1853651999999935,0.0,31.989279999999994,33.174645199999986
5,5,2009/2010,2013/2014,0.8,0.8,43.8,65.0,26.3,1713.5682719999993,114.89338879999988,26.6219712,43.41880954890132,2083.3120248,920.4967269999995,3003.8087517999993,0.0,0.0,0.0,0.0
5,6,2014/2015,2018/2019,0.8,0.8,43.8,65.0,26.3,2501.3351440000006,383.9279372679998,40.2899904,57.50718999384346,1564.5797012680005,920.4967269999995,2485.076428268,0.0,0.0,31.989279999999994,31.989279999999994
5,1,1989/1990,1993/1994,0.8,0.8,87.5,130.0,52.5,4565.0625144,2140.79262136,73.09655999999998,65.84135016267153,1257.7170149600006,920.4967269999995,2178.2137419600003,26.149405599999906,0.0,45.08167999999999,71.2310855999999
5,2,1994/1995,1998/1999,0.8,0.8,87.5,130.0,52.5,3917.3633360000013,2012.7382184800008,61.08730559999999,51.72818820680069,1777.361790480001,920.4967269999995,2697.8585174800005,0.0,0.0,0.0,0.0
5,3,1999/2000,2003/2004,0.8,0.8,87.5,130.0,52.5,4963.552871999998,2189.1531864799995,79.05625920000003,75.3506124503581,907.58722248,920.4967269999995,1828.0839494799995,1.1853651999999721,0.0,29.137314799999984,30.322679999999956
5,4,2004/2005,2008/2009,0.8,0.8,87.5,130.0,52.5,4182.765674799999,1819.8433236,66.090672,64.17519698579012,1319.064556800001,920.4967269999995,2239.5612838000006,1.1853651999999935,0.0,31.989279999999994,33.174645199999986
5,5,2009/2010,2013/2014,0.8,0.8,87.5,130.0,52.5,1848.4682719999994,249.79338879999992,26.6219712,43.41880954890132,2083.3120248000005,920.4967269999995,3003.8087518,0.0,0.0,0.0,0.0
5,6,2014/2015,2018/2019,0.8,0.8,87.5,130.0,52.5,2636.2351440000007,518.827937268,40.2899904,57.50718999384344,1564.5797012680007,920.4967269999995,2485.076428268,0.0,0.0,31.989279999999994,31.989279999999994
5,1,1989/1990,1993/1994,0.8,0.8,131.3,195.0,78.8,4700.162514399999,2165.15506096,73.09655999999998,68.84889916181099,1146.9794545600005,920.4967269999995,2067.47618156,26.149405599999906,0.0,45.08167999999999,71.2310855999999
5,2,1994/1995,1998/1999,0.8,0.8,131.3,195.0,78.8,4052.463336000001,2147.8382184800003,61.08730559999999,51.72818820680068,1777.3617904800014,920.4967269999995,2697.858517480001,0.0,0.0,0.0,0.0
5,3,1999/2000,2003/2004,0.8,0.8,131.3,195.0,78.8,5098.652871999998,2324.25318648,79.05625920000003,75.35061245035808,907.5872224800002,920.4967269999995,1828.0839494799998,1.1853651999999721,0.0,29.137314799999984,30.322679999999956
5,4,2004/2005,2008/2009,0.8,0.8,131.3,195.0,78.8,4317.865674799998,1954.9433236,66.090672,64.17519698579011,1319.064556800001,920.4967269999995,2239.5612838000006,1.1853651999999935,0.0,31.989279999999994,33.174645199999986
5,5,2009/2010,2013/2014,0.8,0.8,131.3,195.0,78.8,1983.5682719999993,384.89338879999997,26.6219712,43.41880954890132,2083.3120248000005,920.4967269999995,3003.8087518,0.0,0.0,0.0,0.0
5,6,2014/2015,2018/2019,0.8,0.8,131.3,195.0,78.8,2771.3351440000006,653.9279372679999,40.2899904,57.50718999384344,1564.5797012680002,920.4967269999995,2485.0764282679997,0.0,0.0,31.989279999999994,31.989279999999994
5,1,1989/1990,1993/1994,0.8,0.8,175.0,260.0,105.0,4835.062514399999,2300.0550609599995,73.09655999999998,68.84889916181099,1146.9794545600005,920.4967269999995,2067.47618156,26.149405599999906,0.0,45.08167999999999,71.2310855999999
5,2,1994/1995,1998/1999,0.8,0.8,175.0,260.0,105.0,4187.363335999999,2282.7382184800003,61.08730559999999,51.72818820680068,1777.361790480001,920.4967269999995,2697.8585174800005,0.0,0.0,0.0,0.0
5,3,1999/2000,2003/2004,0.8,0.8,175.0,260.0,105.0,5233.5528719999975,2459.1531864799995,79.05625920000003,75.35061245035807,907.58722248,920.4967269999995,1828.0839494799995,1.1853651999999721,0.0,29.137314799999984,30.322679999999956
5,4,2004/2005,2008/2009,0.8,0.8,175.0,260.0,105.0,4452.765674799999,2089.8433236,66.090672,64.17519698579012,1319.064556800001,920.4967269999995,2239.5612838000006,1.1853651999999935,0.0,31.989279999999994,33.174645199999986
5,5,2009/2010,2013/2014,0.8,0.8,175.0,260.0,105.0,2118.468272,519.7933887999999,26.6219712,43.41880954890132,2083.3120248,920.4967269999995,3003.8087517999993,0.0,0.0,0.0,0.0
5,6,2014/2015,2018/2019,0.8,0.8,175.0,260.0,105.0,2906.235144000001,788.827937268,40.2899904,57.50718999384344,1564.5797012680005,920.4967269999995,2485.076428268,0.0,0.0,31.989279999999994,31.989279999999994
5,1,1989/1990,1993/1994,0.9,0.9,0.0,0.0,0.0,4329.02671,2062.72505881,73.09655999999998,54.712045614186465,1875.9336203100002,460.24836349999975,2336.18198381,0.0,0.0,37.59189000000001,37.59189000000001
5,2,1994/1995,1998/1999,0.9,0.9,0.0,0.0,0.0,3649.638336000001,1715.0592488800003,61.08730559999999,46.70374713939037,2207.65618438,460.24836349999975,2667.90454788,0.0,0.0,0.0,0.0
5,3,1999/2000,2003/2004,0.9,0.9,0.0,0.0,0.0,4704.803017200001,1873.8297776999998,79.05625920000003,68.34409573444724,1311.262032,460.24836349999975,1771.5103955,0.0,0.0,19.397534800000003,19.397534800000003
5,4,2004/2005,2008/2009,0.9,0.9,0.0,0.0,0.0,3923.402380000001,1687.7562462400003,66.090672,53.971973758758054,1906.58913774,460.24836349999975,2366.8375012399997,0.0,0.0,22.86294000000001,22.86294000000001
5,5,2009/2010,2013/2014,0.9,0.9,0.0,0.0,0.0,1578.7932720000003,2.9247803199999822,26.6219712,38.043915625037435,2566.36677982,460.24836349999975,3026.61514332,0.0,0.0,0.0,0.0
5,6,2014/2015,2018/2019,0.9,0.9,0.0,0.0,0.0,2385.951373040001,258.75259272,40.2899904,51.353886027572074,2015.03649118,460.24836349999975,2475.2848546799996,0.0,0.0,12.598050960000037,12.598050960000037
5,1,1989/1990,1993/1994,0.9,0.9,43.8,65.0,26.3,4464.126709999999,2062.72505881,73.09655999999998,57.97356967414352,1740.8336203100002,460.24836349999975,2201.08198381,0.0,0.0,37.59189000000001,37.59189000000001
5,2,1994/1995,1998/1999,0.9,0.9,43.8,65.0,26.3,3784.7383360000013,1850.1592488800006,61.08730559999999,46.70374713939038,2207.6561843799996,460.24836349999975,2667.9045478799994,0.0,0.0,0.0,0.0
5,3,1999/2000,2003/2004,0.9,0.9,43.8,65.0,26.3,4839.9030172,1913.5345180999998,79.05625920000003,70.6470856263144,1215.8667724000002,460.24836349999975,1676.1151359,0.0,0.0,19.397534800000003,19.397534800000003
5,4,2004/2005,2008/2009,0.9,0.9,43.8,65.0,26.3,4058.5023799999994,1689.0989364800002,66.090672,57.20108318864235,1772.83182798,460.24836349999975,2233.08019148,0.0,0.0,22.86294000000001,22.86294000000001
5,5,2009/2010,2013/2014,0.9,0.9,43.8,65.0,26.3,1713.8932720000003,109.09353639999989,26.6219712,38.74236083695133,2537.4355358999996,460.24836349999975,2997.6838993999995,0.0,0.0,0.0,0.0
5,6,2014/2015,2018/2019,0.9,0.9,43.8,65.0,26.3,2521.0513730400003,366.2573528,40.2899904,52.02007802564288,1987.4412512599997,460.24836349999975,2447.6896147599996,0.0,0.0,12.598050960000023,12.598050960000023
5,1,1989/1990,1993/1994,0.9,0.9,87.5,130.0,52.5,4599.02671,2062.72505881,73.09655999999998,61.23026542313099,1605.9336203100004,460.24836349999975,2066.18198381,0.0,0.0,37.59189000000001,37.59189000000001
5,2,1994/1995,1998/1999,0.9,0.9,87.5,130.0,52.5,3919.638336000001,1985.0592488800003,61.08730559999999,46.70374713939038,2207.6561843799996,460.24836349999975,2667.9045478799994,0.0,0.0,0.0,0.0
5,3,1999/2000,2003/2004,0.9,0.9,87.5,130.0,52.5,4974.8030172,2048.4345181,79.05625920000003,70.6470856263144,1215.8667724000002,460.24836349999975,1676.1151359,0.0,0.0,19.397534800000003,19.397534800000003
5,4,2004/2005,2008/2009,0.9,0.9,87.5,130.0,52.5,4193.402380000001,1735.9651810400003,66.090672,59.3263549240675,1684.7980725399998,460.24836349999975,2145.0464360399997,0.0,0.0,22.86294000000001,22.86294000000001
5,5,2009/2010,2013/2014,0.9,0.9,87.5,130.0,52.5,1848.7932720000001,243.99353639999993,26.6219712,38.74236083695133,2537.4355358999996,460.24836349999975,2997.6838993999995,0.0,0.0,0.0,0.0
5,6,2014/2015,2018/2019,0.9,0.9,87.5,130.0,52.5,2655.9513730400004,501.15735279999996,40.2899904,52.02007802564289,1987.4412512599997,460.24836349999975,2447.6896147599996,0.0,0.0,12.598050960000009,12.598050960000009
5,1,1989/1990,1993/1994,0.9,0.9,131.3,195.0,78.8,4734.12671,2086.47405841,73.09655999999998,63.91845170666087,1494.5826199100002,460.24836349999975,1954.83098341,0.0,0.0,37.59189000000001,37.59189000000001
5,2,1994/1995,1998/1999,0.9,0.9,131.3,195.0,78.8,4054.738336000001,2120.159248880001,61.08730559999999,46.70374713939037,2207.6561843799996,460.24836349999975,2667.9045478799994,0.0,0.0,0.0,0.0
5,3,1999/2000,2003/2004,0.9,0.9,131.3,195.0,78.8,5109.903017199999,2183.5345181,79.05625920000003,70.6470856263144,1215.8667724000002,460.24836349999975,1676.1151359,0.0,0.0,19.397534800000003,19.397534800000003
5,4,2004/2005,2008/2009,0.9,0.9,131.3,195.0,78.8,4328.502380000002,1871.0651810400002,66.090672,59.3263549240675,1684.7980725399998,460.24836349999975,2145.0464360399997,0.0,0.0,22.86294000000001,22.86294000000001
5,5,2009/2010,2013/2014,0.9,0.9,131.3,195.0,78.8,1983.8932719999998,379.0935364,26.6219712,38.74236083695133,2537.4355358999996,460.24836349999975,2997.6838993999995,0.0,0.0,0.0,0.0
5,6,2014/2015,2018/2019,0.9,0.9,131.3,195.0,78.8,2791.0513730400007,636.2573528,40.2899904,52.0200780256429,1987.4412512599997,460.24836349999975,2447.6896147599996,0.0,0.0,12.598050960000037,12.598050960000037
5,1,1989/1990,1993/1994,0.9,0.9,175.0,260.0,105.0,4869.026709999999,2221.37405841,73.09655999999998,63.91845170666088,1494.58261991,460.24836349999975,1954.8309834099996,0.0,0.0,37.59189000000001,37.59189000000001
5,2,1994/1995,1998/1999,0.9,0.9,175.0,260.0,105.0,4189.638336,2255.0592488800003,61.08730559999999,46.70374713939037,2207.65618438,460.24836349999975,2667.90454788,0.0,0.0,0.0,0.0
5,3,1999/2000,2003/2004,0.9,0.9,175.0,260.0,105.0,5244.803017199998,2318.4345180999994,79.05625920000003,70.6470856263144,1215.8667724000002,460.24836349999975,1676.1151359,0.0,0.0,19.397534800000003,19.397534800000003
5,4,2004/2005,2008/2009,0.9,0.9,175.0,260.0,105.0,4463.402380000002,2005.9651810400005,66.090672,59.3263549240675,1684.79807254,460.24836349999975,2145.0464360399997,0.0,0.0,22.86294000000001,22.86294000000001
5,5,2009/2010,2013/2014,0.9,0.9,175.0,260.0,105.0,2118.793272,513.9935363999999,26.6219712,38.74236083695133,2537.4355358999996,460.24836349999975,2997.6838993999995,0.0,0.0,0.0,0.0
5,6,2014/2015,2018/2019,0.9,0.9,175.0,260.0,105.0,2925.9513730400004,771.1573528000001,40.2899904,52.02007802564289,1987.44125126,460.24836349999975,2447.6896147599996,0.0,0.0,12.598050960000009,12.598050960000009
5,1,1989/1990,1993/1994,1.0,1.0,0.0,0.0,0.0,4337.4026932,1981.77996352,73.09655999999998,51.18155579666716,2246.8609053200007,0.0,2246.8609053200007,0.0,0.0,29.2159068,29.2159068
5,2,1994/1995,1998/1999,1.0,1.0,0.0,0.0,0.0,3649.9633359999993,1690.4466640800006,61.08730559999999,42.57520128955333,2642.9669630800004,0.0,2642.9669630800004,0.0,0.0,0.0,0.0
5,3,1999/2000,2003/2004,1.0,1.0,0.0,0.0,0.0,4714.867797200001,1753.3715739609997,79.05625920000003,64.3456111547695,1640.9874117609997,0.0,1640.9874117609997,0.0,0.0,9.657754799999992,9.657754799999992
5,4,2004/2005,2008/2009,1.0,1.0,0.0,0.0,0.0,3932.853720000001,1666.0917614400003,66.090672,49.25084233482561,2335.721676440001,0.0,2335.721676440001,0.0,0.0,13.736599999999996,13.736599999999996
5,5,2009/2010,2013/2014,1.0,1.0,0.0,0.0,0.0,1578.7932720000001,2.311340319999985,26.6219712,34.25285251839902,3026.00170332,0.0,3026.00170332,0.0,0.0,0.0,0.0
5,6,2014/2015,2018/2019,1.0,1.0,0.0,0.0,0.0,2398.874424000001,242.88796032,40.2899904,46.843978917917454,2446.49717132,0.0,2446.49717132,0.0,0.0,0.0,0.0
5,1,1989/1990,1993/1994,1.0,1.0,43.8,65.0,26.3,4472.502693199999,1981.7799635199997,73.09655999999998,54.11692745062851,2111.7609053200013,0.0,2111.7609053200013,0.0,0.0,29.2159068,29.2159068
5,2,1994/1995,1998/1999,1.0,1.0,43.8,65.0,26.3,3785.0633359999997,1825.5466640800005,61.08730559999999,42.57520128955333,2642.9669630800004,0.0,2642.9669630800004,0.0,0.0,0.0,0.0
5,3,1999/2000,2003/2004,1.0,1.0,43.8,65.0,26.3,4849.967797200001,1782.2242608409997,79.05625920000003,66.6540889581892,1534.7400986409996,0.0,1534.7400986409996,0.0,0.0,9.657754799999992,9.657754799999992
5,4,2004/2005,2008/2009,1.0,1.0,43.8,65.0,26.3,4067.953720000001,1666.0917614400003,66.090672,52.18621398878696,2200.6216764400006,0.0,2200.6216764400006,0.0,0.0,13.736599999999996,13.736599999999996
5,5,2009/2010,2013/2014,1.0,1.0,43.8,65.0,26.3,1713.8932719999998,103.2936839999999,26.6219712,34.994140462598295,2991.8840469999996,0.0,2991.8840469999996,0.0,0.0,0.0,0.0
5,6,2014/2015,2018/2019,1.0,1.0,43.8,65.0,26.3,2533.9744240000005,350.71772039999996,40.2899904,47.43649031138816,2419.2269314000005,0.0,2419.2269314000005,0.0,0.0,0.0,0.0
5,1,1989/1990,1993/1994,1.0,1.0,87.5,130.0,52.5,4607.4026932,1981.77996352,73.09655999999998,57.047953624717245,1976.86090532,0.0,1976.86090532,0.0,0.0,29.2159068,29.2159068
5,2,1994/1995,1998/1999,1.0,1.0,87.5,130.0,52.5,3919.9633360000003,1960.4466640800006,61.08730559999999,42.57520128955333,2642.9669630800004,0.0,2642.9669630800004,0.0,0.0,0.0,0.0
5,3,1999/2000,2003/2004,1.0,1.0,87.5,130.0,52.5,4984.8677972000005,1913.3751219609996,79.05625920000003,66.73554799590289,1530.9909597609994,0.0,1530.9909597609994,0.0,0.0,9.657754799999992,9.657754799999992
5,4,2004/2005,2008/2009,1.0,1.0,87.5,130.0,52.5,4202.853719999999,1704.56091624,66.090672,54.281405473373304,2104.1908312400005,0.0,2104.1908312400005,0.0,0.0,13.736599999999996,13.736599999999996
5,5,2009/2010,2013/2014,1.0,1.0,87.5,130.0,52.5,1848.793272,238.19368399999993,26.6219712,34.9941404625983,2991.8840469999996,0.0,2991.8840469999996,0.0,0.0,0.0,0.0
5,6,2014/2015,2018/2019,1.0,1.0,87.5,130.0,52.5,2668.8744239999996,485.6177204,40.2899904,47.43649031138814,2419.2269313999996,0.0,2419.2269313999996,0.0,0.0,0.0,0.0
5,1,1989/1990,1993/1994,1.0,1.0,131.3,195.0,78.8,4742.5026932,2004.9155231199998,73.09655999999998,59.48064973575947,1864.89646492,0.0,1864.89646492,0.0,0.0,29.2159068,29.2159068
5,2,1994/1995,1998/1999,1.0,1.0,131.3,195.0,78.8,4055.0633359999997,2095.5466640800005,61.08730559999999,42.57520128955333,2642.9669630800004,0.0,2642.9669630800004,0.0,0.0,0.0,0.0
5,3,1999/2000,2003/2004,1.0,1.0,131.3,195.0,78.8,5119.967797200001,2048.475121961,79.05625920000003,66.73554799590289,1530.9909597609994,0.0,1530.9909597609994,0.0,0.0,9.657754799999992,9.657754799999992
5,4,2004/2005,2008/2009,1.0,1.0,131.3,195.0,78.8,4337.9537199999995,1839.6609162400002,66.090672,54.281405473373304,2104.1908312400005,0.0,2104.1908312400005,0.0,0.0,13.736599999999996,13.736599999999996
5,5,2009/2010,2013/2014,1.0,1.0,131.3,195.0,78.8,1983.8932719999998,373.293684,26.6219712,34.994140462598295,2991.884047,0.0,2991.884047,0.0,0.0,0.0,0.0
5,6,2014/2015,2018/2019,1.0,1.0,131.3,195.0,78.8,2803.9744240000005,620.7177204,40.2899904,47.43649031138815,2419.2269314,0.0,2419.2269314,0.0,0.0,0.0,0.0
5,1,1989/1990,1993/1994,1.0,1.0,175.0,260.0,105.0,4877.402693199999,2139.8155231199994,73.09655999999998,59.48064973575947,1864.89646492,0.0,1864.89646492,0.0,0.0,29.2159068,29.2159068
5,2,1994/1995,1998/1999,1.0,1.0,175.0,260.0,105.0,4189.963335999999,2230.4466640800006,61.08730559999999,42.57520128955333,2642.9669630800004,0.0,2642.9669630800004,0.0,0.0,0.0,0.0
5,3,1999/2000,2003/2004,1.0,1.0,175.0,260.0,105.0,5254.8677972000005,2183.375121961,79.05625920000003,66.73554799590289,1530.9909597609994,0.0,1530.9909597609994,0.0,0.0,9.657754799999992,9.657754799999992
5,4,2004/2005,2008/2009,1.0,1.0,175.0,260.0,105.0,4472.853719999999,1974.5609162400003,66.090672,54.281405473373304,2104.1908312400005,0.0,2104.1908312400005,0.0,0.0,13.736599999999996,13.736599999999996
5,5,2009/2010,2013/2014,1.0,1.0,175.0,260.0,105.0,2118.7932720000003,508.1936839999999,26.6219712,34.9941404625983,2991.884047,0.0,2991.884047,0.0,0.0,0.0,0.0
5,6,2014/2015,2018/2019,1.0,1.0,175.0,260.0,105.0,2938.874424,755.6177203999999,40.2899904,47.43649031138815,2419.2269314,0.0,2419.2269314,0.0,0.0,0.0,0.0
